date,Actual,Random_Forest,Random_Forest_Tuned,SVR,ARIMA,ARIMAX,ARIMAX_Tuned,AdaBoost,AdaBoost_Tuned,train_set
2022-07-18,0.04462854088722601,0.02569151424416325,0.027060970650316138,0.008003959056687993,0.0,-0.01924044792201419,0.016222066589093247,0.016392434282278656,0.004808246201400281,1
2022-07-19,-0.019698132514709643,-0.016535029781823803,-0.014331947522918984,0.008003959056687993,0.04462854087031182,-0.009307011439989354,0.005994702838324453,0.003059570776649634,-0.00013558122703308565,1
2022-07-20,0.007828810020876986,0.00030676486648608894,0.00142416452764698,0.008003959056687993,0.0063466534043874895,-0.0036993142415048166,-0.022437042942490097,-0.009635078766522174,-0.0026413673685569045,1
2022-07-21,-0.026324874848955626,-0.017828758071960625,-0.017305489915313475,0.008003959056687993,0.014407992875090595,0.01279821938170557,-0.011078170116082036,-0.00465837771945215,-0.00013558122703308565,1
2022-07-22,-0.05354135271695781,-0.03379780456720197,-0.03551940881257431,0.008003959056687993,0.0029962923748848604,0.007685302479224932,-0.012454280191724084,-0.031889606476585536,-0.015961505511182295,1
2022-07-25,0.013674253067341047,-0.0029010910807093695,0.00019659331314696605,0.008003959056687993,-0.01891871401555756,0.003492648477976559,-0.0048503894231846905,-0.010367121125884091,-0.014576822477213265,1
2022-07-26,-0.00840801995749807,-0.004155297929426337,-0.005977899175120188,0.008003959056687993,0.002308479277012457,0.003761029722403872,0.001581079400176542,0.008978334440876668,-0.004628115830519994,1
2022-07-27,0.021617592247484163,0.01812536269118942,0.01792467192445006,0.008003959056687993,-0.018234330956354034,0.014796768486787843,0.015504337383059376,0.0032367641835936026,0.009848237194128199,1
2022-07-28,0.00036483035388545915,0.0012785097824758085,-0.0015289006677108718,0.008003959056687993,-0.007969502920248141,0.007326253200887443,0.006820211077982076,0.003059570776649634,-0.0026413673685569045,1
2022-07-29,0.016684901531728746,0.012666952878186193,0.012107317892757765,0.008003959056687993,-0.0031521410517256643,0.009608410876754299,-0.002630442519822322,0.0045675091299842915,0.0014354629261519197,1
2022-08-01,-0.04860550623262494,-0.027246074587943734,-0.027928311255667602,0.008003959056687993,-1.2949108919042135e-05,0.0037123133940362854,-0.0051404903949440126,-0.02136475354165071,-0.00012355867911651754,1
2022-08-02,0.003958902818361754,-0.0004198738366252286,2.6916279985950143e-05,0.008003959056687993,-0.006010320520133297,-0.01164539719285803,0.0009517548275925578,0.006255410897025833,0.0036069261058418664,1
2022-08-03,-0.04403342409163469,-0.027589762905121277,-0.02573276317295494,0.008003959056687993,0.0003787551069809117,-0.003712112631992172,-0.004240434243100867,-0.015362974565976595,-0.0006799521092652643,1
2022-08-04,-0.03761539972500494,-0.023925479211008804,-0.02385477458334527,0.008003959056687993,-0.012384022135582276,-0.023399033252258613,-0.011829273087467472,-0.01017882193121252,-0.0038438388806288477,1
2022-08-05,0.023675885294417887,0.009854387639591783,0.00891301802166714,0.008003959056687993,-0.026069012596237964,-0.017853632316598363,0.002156645135808509,-0.00465837771945215,-0.002059248185006963,1
2022-08-08,0.031402651779483426,0.01714390471924288,0.015698649968743227,0.008003959056687993,-0.002880993721464102,-9.327000334574675e-05,0.005461172629147327,0.007881930578745786,-0.004628115830519994,1
2022-08-09,0.003382949932341006,-0.0030935015748391925,-0.0025913988517442515,0.008003959056687993,-0.012180140375991681,-0.008912612532466788,-0.00681191217365984,-0.010367121125884091,-0.007322379093241599,1
2022-08-10,0.012041229168673562,-0.002224508112738216,-0.0007160515274907009,0.008003959056687993,-0.006256625611517366,-0.015942547708832237,-0.012597868127405716,-0.010367121125884091,-0.004308268930750137,1
2022-08-11,0.020274129069103308,0.01313347085260274,0.0125863357428734,0.008003959056687993,0.006285174516797933,0.00564677928709616,-0.002883359081611386,-0.005926473684255926,0.00021769367849198973,1
2022-08-12,-0.03255900737009043,-0.02506860933684296,-0.025029183371318584,0.008003959056687993,0.013063668619990833,-0.010990202355053661,-0.01830610708851964,-0.009237027683333057,-0.010140913433201643,1
2022-08-15,-0.05255544840887172,-0.04002975357797995,-0.03855903043311979,0.008003959056687993,9.686281289247867e-05,-0.014237670165956378,-0.00953417366506476,-0.02136475354165071,-0.014576822477213265,1
2022-08-16,-0.029414758269720065,-0.014948484125240368,-0.01626837568488572,0.008003959056687993,-0.0076918139542432595,-0.005772259868054076,-0.003978487501892135,-0.00465837771945215,-0.0010456322121094395,1
2022-08-17,0.019505033557047025,0.01687167812238596,0.01572791794252287,0.008003959056687993,-0.010717638869206049,0.015326150648598628,0.016572218817632493,0.014207458992018977,0.012701392381310721,1
2022-08-18,-0.00894877597202226,0.0017356877003836502,-0.001252585636970795,0.008003959056687993,-0.009939130956811773,-0.004547390840487345,0.004619572943784388,0.008003966069998106,-0.00013558122703308565,1
2022-08-19,0.0010378827192527584,0.0011688498556560645,0.0026752166239237297,0.008003959056687993,-0.019625301892857473,0.001147889059713747,0.003848488830462258,-0.005329233329261947,0.002989271181688274,1
2022-08-22,-0.014411612234318305,-0.005436535584224537,-0.003882457884112904,0.008003959056687993,-0.013886836020192795,0.02029631559294435,0.01689782446105053,0.008003966069998106,0.00480665715684438,1
2022-08-23,0.046602146013044354,0.03144459225881444,0.029991401103167607,0.008003959056687993,-0.009162533910374051,0.00014145250469240974,0.008699287193192186,0.024836184161718535,0.0023815489717880774,1
2022-08-24,0.0038194793446577613,0.003784904765617525,0.004742989519134643,0.008003959056687993,0.008106260883267408,-0.008730045469220248,-0.0019196914508961393,0.0045675091299842915,0.0004989336619298853,1
2022-08-25,-0.010613797937318536,-0.0094724007517461,-0.009355776932892645,0.008003959056687993,0.004882611013156846,-0.02326653319523444,-0.012143309687014955,-0.001340046147104868,-0.00029555788112067106,1
2022-08-26,0.02347940491853051,0.015502401995211783,0.01590734684274323,0.008003959056687993,-0.0011332210672432008,-0.011778534661024083,-0.0030256726086744243,0.010786481001632589,0.00480665715684438,1
2022-08-30,-0.017699990111737285,-0.01742662866573697,-0.017108792958470315,0.008003959056687993,0.01842599877605667,-0.016173214194133704,-0.02018439088294306,-0.009211951298685999,-0.005169320263733586,1
2022-08-31,-0.028085363398429708,-0.025678488030894585,-0.02529499212133173,0.008003959056687993,-0.0020925660257849563,-0.015511448168274825,-0.018569098472421497,-0.014341238726822605,-0.01938927915767938,1
2022-09-01,-0.04464008285862253,-0.03166869128271533,-0.03181111927007554,0.008003959056687993,-0.002995131712947692,-0.007598044740090076,-0.006664265794572642,-0.013882128805086111,-0.021093425600381112,1
2022-09-02,0.00921509106678231,0.00401135763560837,0.006039782886780559,0.008003959056687993,-0.011951506695358584,0.004217637125542074,0.0006439147589974385,0.0031588933695689938,0.0011156330449243407,1
2022-09-05,0.012138790417875134,0.007348559227769882,0.007028469366283072,0.008003959056687993,-0.009276978892802726,0.013781338940176812,0.009275536153109564,-0.0018982538635147544,0.001675323657653971,1
2022-09-06,-0.02961154744215655,-0.021335608380236907,-0.020388914146951112,0.008003959056687993,-0.008136652135386804,-0.022579749960710223,-0.01585287054392679,-0.010872153201838985,-0.010655520664971604,1
2022-09-07,-0.050311713879470754,-0.0388264688363696,-0.03877247334424501,0.008003959056687993,-0.02313379308915566,-0.0011257313506279603,-0.011320732310132049,-0.02079579703832599,-0.014576822477213265,1
2022-09-08,0.013359437982264133,0.007264409589072472,0.005960438065265894,0.008003959056687993,-0.020081747323238426,-0.0034426819226198706,0.002030020802138058,-0.009237027683333057,-0.0006848042947076279,1
2022-09-09,0.04193658370269371,0.024811898353365135,0.024349176963364905,0.008003959056687993,-0.006029075707435105,-0.007797494654775897,-0.005761179328926041,0.014204907914821567,0.006780530676872279,1
2022-09-12,0.019306282722513002,0.005588592917911496,0.006381474639608971,0.008003959056687993,0.0002788857963517827,-0.01206653934887172,-0.014171660696207882,-0.008584871641841825,0.002989271181688274,1
2022-09-13,-0.01508828250401284,-0.011671670450810894,-0.011396315217057546,0.008003959056687993,-0.003483892983907503,-0.015205690284605188,-0.003811988370895364,-0.011703357268423475,-0.004628115830519994,1
2022-09-14,0.008583224684919566,0.004231490959829089,0.004619954466731792,0.008003959056687993,-0.0009213366352074145,0.009374969523086536,0.007814311940064177,-0.0020969398377043277,-0.0010456322121094395,1
2022-09-15,-0.03824194764623501,-0.024973994386781873,-0.02453094812620683,0.008003959056687993,0.010171539653103055,0.0031606456842521204,0.0016949904170887099,-0.011703357268423475,-0.012347031434386783,1
2022-09-16,0.0016801075268817467,0.006164686095685904,0.0037690444040373032,0.008003959056687993,-0.002588141165929876,-0.012320513250794026,-0.004452690386560387,0.011119686129788784,0.0011156330449243407,1
2022-09-20,0.002124566700212327,0.006513404441870926,0.007823052999723815,0.008003959056687993,0.001415989984672253,0.013931563421125429,0.012049122160673782,0.014207458992018977,0.011867911772875024,1
2022-09-21,0.0026779736665922815,-0.0010882850046066638,-0.0006365482790804894,0.008003959056687993,-0.0010924140686608473,-0.00618782608684206,-0.0029618992291720837,0.008379895877390773,0.00044645979170114053,1
2022-09-22,0.006009347874471382,0.006902678274713837,0.00962166088012659,0.008003959056687993,-0.010522602284731598,0.009608111827705717,0.011320307557958743,0.011812261755105587,0.006946834303877668,1
2022-09-23,-0.06758849557522117,-0.039056972618247456,-0.04458131865836364,0.008003959056687993,0.000902341523845605,-0.01414068493324196,-0.011976051355492321,-0.03843565275165295,-0.01190278313069424,1
2022-09-26,-0.020643018151619508,-0.01993377152732728,-0.019374017257974236,0.008003959056687993,-0.02336959139436505,-0.010490862013143304,-0.005531812785475643,-0.026679619497792528,-0.016898539825331578,1
2022-09-27,0.04142943670502719,0.022256641693930126,0.020618129239637753,0.008003959056687993,-0.009560598618562642,-0.013546254518713299,0.0030703566731647446,0.012145332496014814,-0.004628115830519994,1
2022-09-28,0.041642433407002466,0.025558209171668355,0.024617474842719807,0.008003959056687993,0.0030136208594303757,0.0009546700931948515,0.007474745757607423,0.015599766568556475,0.007755108337447573,1
2022-09-29,-0.0015633724176438157,-0.004637842605412842,-0.0041144220105497585,0.008003959056687993,-0.004981686910914718,-0.010611464123859209,-0.0054867802568398915,-0.008767114910858177,-0.004220705295201041,1
2022-09-30,-0.005704059948551499,-0.00928397404826377,-0.008879940665244087,0.008003959056687993,-0.0012628296720152143,-0.01780584825888761,-0.011036003413681834,-0.011703357268423475,-0.004628115830519994,1
2022-10-03,0.02002249718785154,0.017556372182836358,0.016868909006010256,0.008003959056687993,0.005251156434838736,0.014033514577713766,-0.0017461019328410465,0.0032367641835936026,0.007755108337447573,1
2022-10-04,0.033745037494485874,0.02567598372394113,0.025149917229516136,0.008003959056687993,0.017205271603723378,0.015190923242689804,0.0105343557082208,0.014204907914821567,0.009848237194128199,1
2022-10-05,0.006507360785150462,0.003950751531457799,0.004093544346147576,0.008003959056687993,0.018899217327374658,0.010534698345861165,0.006591119935823196,-0.0005849850720510055,0.00044645979170114053,1
2022-10-06,0.01377848436671969,0.007817191246877098,0.007788114140419927,0.008003959056687993,0.011178998493602777,0.003664815473012721,-0.004728790620830339,0.0014988365103622003,0.0010312390879742197,1
2022-10-07,0.033768949294302075,0.02340718920218821,0.023270902565644045,0.008003959056687993,0.014305708796380719,0.019691915698369124,0.010304826239389074,0.019121764554695424,0.004808246201400281,1
2022-10-10,-0.01769822006472488,-0.011211408231569,-0.01043219224236838,0.008003959056687993,0.022105069639171977,0.020678603674689176,0.008048567252097454,-0.005405870160289439,0.0010073128355693732,1
2022-10-11,-0.020179141356944208,-0.012985384514361552,-0.012322714006285804,0.008003959056687993,0.006403504730834245,-0.0049805934491775365,-0.018422458528896398,-0.010022660693044066,-0.0006791993123223264,1
2022-10-12,-0.018177997268046697,-0.013485710268766205,-0.014941159707486284,0.008003959056687993,0.006063552816514994,-0.009494690092710662,-0.02044100465210404,-0.009211951298685999,-0.0038438388806288477,1
2022-10-13,0.018407534246575263,0.004704340868739038,0.006121809078391566,0.008003959056687993,0.0015776143517258374,0.007379555226716115,0.001685728257351399,-0.00465837771945215,-0.0024290167142139406,1
2022-10-14,-0.03089533417402268,-0.018978975272512546,-0.018684354244459547,0.008003959056687993,0.000634524988785478,0.005760311425274882,0.005178292953028896,-0.006993521029208709,-0.004813792427220618,1
2022-10-17,-0.01279548904792882,-0.012179082683473572,-0.014454634125501645,0.008003959056687993,-0.012866532404241012,-0.006117436921034284,-0.005777209317784967,-0.014576997682765104,-0.013141416882031996,1
2022-10-18,-0.017355008787346304,-0.011428806701250412,-0.01263489339984426,0.008003959056687993,-0.012421085283623822,-0.01011263065314177,-0.005105607669530569,-0.007370308839387462,-0.005189750568037807,1
2022-10-19,0.021014978761457748,0.01719472224552194,0.016636775413153986,0.008003959056687993,-0.00958611522582607,0.00833628002469091,0.004119492609957548,0.010592166226784112,0.007797656584948184,1
2022-10-20,0.0019706590759798193,0.0007417058224120431,0.001331987080117145,0.008003959056687993,-0.006358356117329694,0.00407954186482016,0.0015920663734349267,0.0031588933695689938,-0.004220705295201041,1
2022-10-21,0.003277972027972087,-0.0055791223791086956,-0.0033153214024582377,0.008003959056687993,-0.0037639646568472414,-0.003031057111707678,-0.008095989476730054,-0.013048453966402335,-0.0010456322121094395,1
2022-10-24,-0.002722718362012655,-0.005630436980571675,-0.004992988503114408,0.008003959056687993,-0.005539719238907351,-0.00897239119169146,-0.009951336044963122,-0.008767114910858177,0.002353075487007958,1
2022-10-25,0.002074915365294361,0.005828505793152269,0.004795399201659879,0.008003959056687993,0.002502421371797737,0.016230624714184863,0.015345686010648594,0.010753907981305875,0.00480665715684438,1
2022-10-26,0.012750653879686213,0.004131644269024197,0.005273185573245963,0.008003959056687993,0.0008102527340836541,-0.007189639421971064,-0.00043743614683008046,-0.005329233329261947,-0.00012355867911651754,1
2022-10-27,0.013343376735176937,0.009880416925283651,0.01050809284270437,0.008003959056687993,0.007299090863645273,0.013937637663237147,0.007675400985474046,-0.004028721691475827,0.0011596365406829356,1
2022-10-28,0.004990973770840013,0.0006237255432790512,0.001241805042212386,0.008003959056687993,0.005040065526565326,-0.007079043369297036,-0.0016893388505091417,-0.008543169159134249,0.00014719824284367442,1
2022-10-31,-0.014158918005071852,-0.006547637288896437,-0.006365696049585678,0.008003959056687993,0.005164436880268477,0.007504775565430078,0.0023805749258633243,0.0008579155537303581,0.0010312390879742197,1
2022-11-01,0.01950696677384789,0.01354335074475021,0.014056032007044448,0.008003959056687993,0.0014229526827644785,0.002837949977435331,-0.002868554394283002,0.0038738634868238685,0.0017178363656152969,1
2022-11-02,0.00998738435660207,0.006279561979550077,0.006587069742754537,0.008003959056687993,0.010272398080199436,0.006445572394859943,0.0031501185148290053,0.009381224075793405,0.00014719824284367442,1
2022-11-03,-0.008119079837618282,-0.00474487351257865,-0.005583874532395387,0.008003959056687993,0.006517650232283942,-0.002766449391403903,-0.008703875887908698,-0.0018982538635147544,-0.00029555788112067106,1
2022-11-04,0.04449574981635007,0.032791990936421406,0.03345524981668317,0.008003959056687993,-0.0005707916870938568,0.010318018366633572,0.006347046580772834,0.014720623642953545,0.003651221624258088,1
2022-11-07,0.003416055460665257,0.00273554563040337,0.0032748579543164956,0.008003959056687993,0.018863774284334698,0.01602198432918056,0.006552889747600283,0.004072929130293846,-0.00010728273696822038,1
2022-11-08,-0.030239311104435895,-0.017661377866471786,-0.01971197588443038,0.008003959056687993,0.005835304428231231,-0.010458951364725457,-0.0165181311704652,-0.0053705397097154415,-0.0006791993123223264,1
2022-11-09,-0.03923593185338148,-0.030028504730131925,-0.027086918588095036,0.008003959056687993,-0.0012268213069294431,-0.012261538228250381,-0.01815026802213793,-0.010054356934362798,-0.0006791993123223264,1
2022-11-10,0.012896292315959235,0.0038776435103732056,0.005165075868528367,0.008003959056687993,-0.0007458956667373076,-0.0018346215132012175,-0.0055140421645979605,-0.0053705397097154415,-0.00012355867911651754,1
2022-11-11,0.022493368700265304,0.012271595390900648,0.01228484511923664,0.008003959056687993,-0.00034035850096472003,0.006374146867729485,0.0034592769128071812,0.0012141084567158789,-0.0005338997804841012,1
2022-11-14,-0.028847151603196064,-0.021160541401393097,-0.020537973819523304,0.008003959056687993,-0.00025119601419534496,-0.004719363465652583,-0.004747028293234219,-0.014576997682765104,-0.010541613784834529,1
2022-11-15,0.007586280585532679,0.006989664574726583,0.00678595855572057,0.008003959056687993,-0.01752771783680893,0.006194630080966565,-0.0014594400500954905,-0.001340046147104868,0.0017178363656152969,1
2022-11-16,-0.0179215270413573,-0.008477698885981362,-0.009726683049244433,0.008003959056687993,-0.00020820115290119678,0.014331104907435964,0.005777203575004488,-0.005193621832607442,-0.00010728273696822038,1
2022-11-17,-0.017384731670445963,-0.010115434053189877,-0.01078962867123611,0.008003959056687993,-0.006745632107003137,-0.012929795465471792,-0.009893712854158054,-0.0053705397097154415,-0.00013558122703308565,1
2022-11-18,-0.022747252747252644,-0.012792019440023901,-0.012285282227391479,0.008003959056687993,-0.009993146988094906,-0.012536221064151764,-0.009678238378620365,-0.00465837771945215,-0.002059248185006963,1
2022-11-21,-0.0055099516473632315,-0.006139568099601451,-0.00793630804168562,0.008003959056687993,-0.00799697814267843,-0.013319770990599205,-0.005208781520744948,-0.00465837771945215,-0.009331583678603666,1
2022-11-22,0.002374491180461513,-0.001569610641671927,-0.001435170565029032,0.008003959056687993,-0.013976085200166896,-0.006158128350445415,0.002893201326257961,-0.00465837771945215,-0.0052110832634529695,1
2022-11-23,-0.031020868584320405,-0.015779204311022012,-0.014322513448212636,0.008003959056687993,-0.008185553977067616,-0.012446850546608396,0.000612916279244544,-0.003611625798866397,-0.003916413390919652,1
2022-11-24,-0.0036088474970896733,-0.0022997825013878217,-0.0006116139419736371,0.008003959056687993,-0.01966904292900231,-0.005890441843674271,0.0020101153919109965,-0.0018982538635147544,0.0008699779138272218,1
2022-11-25,-0.025587101296880466,-0.01894478344193526,-0.018909423908449755,0.008003959056687993,-0.008711560992638465,-0.0062164291378675905,-0.0019202363574056674,-0.005926473684255926,-0.005720431494869593,1
2022-11-28,0.0011990407673860837,-0.004100616372501868,-0.003092203752516376,0.008003959056687993,-0.015042813807707195,-0.01693317181793739,-0.006896488270092007,-0.006993521029208709,0.0011156330449243407,1
2022-11-29,-0.003353293413173697,0.000588965102690574,-0.0005813024685065171,0.008003959056687993,-0.01122209769264568,-0.006107247246865092,0.0037563102750869195,0.008983770738731614,0.002617194926628538,1
2022-11-30,0.028719057918769497,0.019914703305755257,0.01767886267025256,0.008003959056687993,-0.007670678603847087,0.0023190412119544384,0.014585599263401364,0.008978334440876668,0.006780530676872279,1
2022-12-01,0.007826188529377331,0.005519580607960043,0.002947205127253268,0.008003959056687993,-0.002833839243039038,-0.008794891464081156,0.001708243111047403,0.0023343458396023675,0.0011156330449243407,1
2022-12-02,0.0030134445989802305,-0.0030035487346515353,-0.003232867094310324,0.008003959056687993,0.0020235744131697313,-0.005019452846472695,-0.00518790021180553,-0.020490166047485815,-0.001065484918854697,1
2022-12-05,-0.036746013404206246,-0.02466601945073857,-0.025785300391873957,0.008003959056687993,0.0015551565978489433,-0.012306331886641441,-0.01188504931008382,-0.014341238726822605,-0.005973066446637155,1
2022-12-06,-0.041266794625719694,-0.03190086510748078,-0.032606275867165774,0.008003959056687993,-0.0017794980884261319,-0.01724590521097669,-0.01686930255583475,-0.015362974565976595,-0.021333744437841903,1
2022-12-07,-0.035160160160160214,-0.02956525360028623,-0.027771660541242825,0.008003959056687993,-0.01081524364210195,-0.01706552005161635,-0.007977430616603446,-0.0053705397097154415,-0.015601735831292403,1
2022-12-08,-0.01413565036960196,-0.013640745866314242,-0.012717729309005735,0.008003959056687993,-0.013918624446323753,-0.00579656857545944,0.00575329826890633,0.0012141084567158789,-0.0024290167142139406,1
2022-12-09,0.004604051565377576,0.0037209543141145307,0.0037352034804448795,0.008003959056687993,-0.02177131333065383,-0.011587762088825265,0.0035077989001097536,-0.0018982538635147544,0.002989271181688274,1
2022-12-12,0.021343459473615267,0.018681566630712285,0.017494007262303456,0.008003959056687993,-0.018580293211631915,-0.00026974979081446915,0.006329994189159077,0.0032367641835936026,0.004905297957186016,1
2022-12-13,0.02743589743589747,0.018160002326154796,0.01865547368549781,0.008003959056687993,-0.012861663645882055,0.0008991671763344793,0.006295274349133864,0.008978334440876668,0.0011156330449243407,1
2022-12-14,0.03980534065385566,0.025979936653296818,0.027286285162626493,0.008003959056687993,-0.001368897176005121,0.013095033046011229,0.008858979524950857,0.014207458992018977,0.009477298866534098,1
2022-12-15,-0.011880475219008702,-0.006163949668217327,-0.006749284421556814,0.008003959056687993,0.012736623922031023,0.004467854961679781,8.303272646574197e-05,-0.0005849850720510055,0.0010312390879742197,1
2022-12-16,-0.025989798396890973,-0.01325146190036124,-0.011704899778467519,0.008003959056687993,0.008002651824688505,-0.012901594930837621,-0.007432935693957227,-0.0053705397097154415,0.002353075487007958,1
2022-12-19,0.018204488778054806,0.016540205025043796,0.01470075727491142,0.008003959056687993,0.006823890090255837,-0.0006770537407057332,0.008277860955925814,0.017120693322437982,0.006974292529771112,1
2022-12-20,-0.027063433749693777,-0.008585294766937984,-0.011721525833721458,0.008003959056687993,0.017351127460894095,0.008675241386054033,0.01591247123978873,-0.001340046147104868,0.0023815489717880774,1
2022-12-21,0.010069225928256653,0.006373244310715251,0.006894413381577935,0.008003959056687993,-0.0069626383534435385,-0.007369885610991066,0.0032591782385402533,-0.005329233329261947,0.003280428356759693,1
2022-12-22,-0.008348909657320935,-0.00746146082123843,-0.005892418294322479,0.008003959056687993,0.0005172491469885611,-0.005591974409041578,-0.0006938342660626393,-0.0018982538635147544,0.0017178363656152969,1
2022-12-23,0.03606433777330986,0.02279270475582537,0.02509663846289919,0.008003959056687993,-0.004126562075587004,0.016513810528194603,0.013423841884357577,0.013224988722356916,0.004096389523235611,1
2022-12-28,-0.0090964220739842,-0.0023607406521947306,-0.0017481305993244762,0.008003959056687993,0.0021528818841980157,0.018896556472643624,0.02280376711011298,0.013839184875288688,0.003280428356759693,1
2022-12-29,-0.009057527539779842,-0.005923158368912046,-0.0047040627658208895,0.008003959056687993,0.001982213370080369,0.006030736766139024,0.016660837843566104,-0.004028721691475827,0.0017178363656152969,1
2022-12-30,0.022974308300395263,0.016743472611122075,0.016563770297935595,0.008003959056687993,-0.0031911412066184617,-0.01528489850301748,-0.004674653483238297,0.0008579155537303581,0.0028205105083413096,1
2023-01-03,-0.02970297029702962,-0.020220456533933562,-0.022617757507603562,0.008003959056687993,0.015284678152872341,-0.03291586342570808,-0.03508129774209093,-0.011703357268423475,-0.005169320263733586,1
2023-01-04,-0.06284221005475354,-0.04263029325985583,-0.0424248407435442,0.008003959056687993,-0.00903938967567891,-0.017039887199446012,-0.01706177862990504,-0.03477199985712939,-0.004617609870458811,1
2023-01-05,0.018855397689549802,0.005453874748349253,0.008027527872955817,0.008003959056687993,-0.016263354449012862,-0.005003156052330319,0.004516824385633143,-0.008543169159134249,-0.002006009166984989,1
2023-01-06,-0.004170467874364703,-0.0050802507047528,-0.006024970006481878,0.008003959056687993,0.0006898130839578243,6.836027722801133e-05,0.002765832247486711,0.011828807152006678,-0.0052110832634529695,1
2023-01-09,0.014265148540766992,0.011184733332423162,0.012009203102899404,0.008003959056687993,-0.016289813224393775,0.008926512994506837,0.01819108714454205,0.009086842746967276,0.00765213959750459,1
2023-01-10,0.011612903225806548,0.007674956633411561,0.008373289687131396,0.008003959056687993,-0.009926844121923468,-0.0007024056332956261,0.0160078039883609,-0.001340046147104868,0.005261901792516653,1
2023-01-11,0.0345663265306122,0.022063112941131058,0.023610204073898914,0.008003959056687993,0.00046897225249488764,0.01398723954708416,-0.000869039196929576,0.009381224075793405,0.0023815489717880774,1
2023-01-12,0.0182468252989767,0.010224060115679634,0.009625106982053738,0.008003959056687993,0.005499370581019618,-0.0006490822648855983,-0.007769890606623133,-0.001340046147104868,0.0010312390879742197,1
2023-01-13,0.010170722847802516,0.004330551511906629,0.005520795185163812,0.008003959056687993,0.015852035656665847,0.004465721823159496,0.0029193687082527363,0.0014988365103622003,0.00070711890785877,1
2023-01-16,-0.009349154980222929,-0.00516008340243762,-0.004926796624271536,0.008003959056687993,0.013206792657218296,0.010365549842305609,0.0010567591902652898,-0.004028721691475827,-0.00010728273696822038,1
2023-01-17,0.020931639443436012,0.016185257679181636,0.015469197384907638,0.008003959056687993,0.012854575473526215,-0.007519861062993398,-0.00808760281187276,0.0045675091299842915,0.002353075487007958,1
2023-01-18,-0.00711068973690443,-0.002754404290304604,-0.0029678730163182516,0.008003959056687993,0.01608013234353677,0.004041993602269341,-0.004990348625179412,0.0011233215876326314,-0.00010728273696822038,1
2023-01-19,0.01551682979231317,0.009226909716872279,0.006820222940734732,0.008003959056687993,0.006847959855873793,0.011493682321142245,0.004762650297833272,0.0006261135669907411,-0.00010728273696822038,1
2023-01-20,0.022096850023507253,0.013221261624633098,0.01349499665434582,0.008003959056687993,0.007619140410375258,0.016064597464687625,0.010691959054011504,0.0045675091299842915,0.00044645979170114053,1
2023-01-23,0.006669733210671769,0.004160978100917186,0.004261063905076845,0.008003959056687993,0.013077044827453452,0.016613645986263685,0.0018981589479894092,-0.0039735928201889885,-0.00010728273696822038,1
2023-01-24,-0.026159469956591352,-0.015413600752227441,-0.015750917946339177,0.008003959056687993,0.004462596708159187,-0.0013350478187978097,-0.010091559343527151,-0.005405870160289439,-0.000542458234749591,1
2023-01-25,-0.0019941348973607775,-0.0016065952311818356,-0.001096874526440177,0.008003959056687993,0.002338672900869712,0.006772097658069376,0.0002792990903312965,0.0032367641835936026,0.00014719824284367442,1
2023-01-26,0.014221908791725468,0.00891750426645969,0.007899795049791226,0.008003959056687993,0.0046063573818194425,0.017035974289279533,0.005788519202855912,0.0038738634868238685,0.00044645979170114053,1
2023-01-27,-0.010777610383590264,-0.007125157830404228,-0.007612337859622284,0.008003959056687993,0.005812080587007407,0.009331003528693727,0.004478609309041117,0.0024171850084580143,0.00022650875963826158,1
2023-01-30,-0.005388940955951216,0.001618227949391282,-0.00019002205652037486,0.008003959056687993,-0.006148644073306234,-0.01935209400529888,-0.017770126777216507,-0.001340046147104868,0.0023815489717880774,1
2023-01-31,-0.017432273262661946,-0.01135536248965141,-0.01123820648113777,0.008003959056687993,-0.002127601640626027,0.007854542599613868,0.0026637593442390643,0.0032367641835936026,0.00044645979170114053,1
2023-02-01,-0.02169743466794538,-0.013743471031932101,-0.013110612470089988,0.008003959056687993,-0.006774319694983849,-0.0029417754376066993,-0.00334120289849831,0.0008579155537303581,0.00014719824284367442,1
2023-02-02,-0.012743536331332073,-0.008709596557280036,-0.008967076382767671,0.008003959056687993,-0.010710932821483499,-0.02055184989216383,-0.014775831078262944,-0.007370308839387462,-0.000542458234749591,1
2023-02-03,-0.021347896239295006,-0.018640774503058188,-0.01892395911104482,0.008003959056687993,-0.008515616943086508,-0.02171400609133742,-0.02607384652637342,-0.010389063965861397,-0.018085729850107167,1
2023-02-06,0.020672162333544852,0.016212787471537444,0.016459401375273998,0.008003959056687993,-0.01704676608065911,0.011869504668573824,0.018457728754982156,0.004072929130293846,0.003651221624258088,1
2023-02-07,0.030318091451292162,0.02154461686156921,0.019729559803343368,0.008003959056687993,-0.0053918853355941244,0.0029711885358449973,0.014624467480847878,0.009857889629632651,0.002353075487007958,1
2023-02-08,0.015074770863482856,0.00881648012865855,0.008433248440827386,0.008003959056687993,0.00017075299233052302,0.006255472970420697,0.004953066541699006,0.0038738634868238685,0.0014354629261519197,1
2023-02-09,-0.008435309492693444,-0.003351199947876735,-0.00324484990650008,0.008003959056687993,0.00027279828127715726,-0.0024240604374750757,-0.0033935185400116594,-0.005329233329261947,0.0023815489717880774,1
2023-02-10,0.023963575365444578,0.0176015119867163,0.015905472285394046,0.008003959056687993,0.0054433607831760634,-0.0025935030945929208,0.00014863161188443286,0.0011233215876326314,0.0030488207644807927,1
2023-02-13,0.006084717996723832,0.003930193906201715,0.004922528288169063,0.008003959056687993,0.015758676261988777,0.019169893124505864,0.005445985310087114,0.0045675091299842915,0.0011596365406829356,1
2023-02-14,-0.011863224005582818,-0.006111196513800475,-0.0065329320274752955,0.008003959056687993,0.011630274494734028,-0.01246723685864145,-0.008281170340288578,-0.008543169159134249,-0.00029555788112067106,1
2023-02-15,-0.010004708097928416,-0.0023639387914606356,-0.001547149002738995,0.008003959056687993,0.0031711025572359174,0.0026246659677247497,7.259580979306513e-05,0.0032367641835936026,0.0011596365406829356,1
2023-02-16,-0.0032100820354297177,0.0001404167343074847,-0.0010294777522067023,0.008003959056687993,0.004793004474552364,0.0007402880053508174,0.004735800518554453,0.0045675091299842915,0.0008579155537303581,1
2023-02-17,-0.02230438931297718,-0.013091106807146473,-0.012401816111720637,0.008003959056687993,-0.0010259206308042687,0.010840988774538221,0.011306142965725147,-0.001340046147104868,0.0008579155537303581,1
2023-02-20,0.010003659875564397,0.0008607610701559654,0.001729223253230511,0.008003959056687993,-0.008014816850905783,-0.027694241254267796,-0.020633383928603602,-0.005397885813144247,-0.00012355867911651754,1
2023-02-21,-0.007851189757217103,-0.0071646056343002825,-0.008542148227287027,0.008003959056687993,-0.002158055882958783,0.0005167397775897899,-0.008710934411041059,-0.0062648221421232565,-0.001065484918854697,1
2023-02-22,-0.03153153153153154,-0.0218585918527398,-0.022442823026890043,0.008003959056687993,-0.007915257336666492,-0.01043748661849124,-0.011679622667442885,-0.015362974565976595,-0.012573311697711172,1
2023-02-23,0.031803896920175934,0.018082330634739918,0.019586823645331528,0.008003959056687993,-0.01617026086531713,0.012879967078310042,0.01784318802527487,0.0045675091299842915,0.00480665715684438,1
2023-02-24,0.00280214424951275,0.0006521787513488231,-0.0006193042074307385,0.008003959056687993,0.006370765345921684,0.009217271239415976,0.007534140658311541,0.003059570776649634,-0.00010728273696822038,1
2023-02-27,-0.012999635524237774,-0.008637416026259268,-0.00920322497146881,0.008003959056687993,-0.005397597345905662,0.00916461238720024,0.015556436633218113,0.0038738634868238685,0.00044645979170114053,1
2023-02-28,0.02424913835548992,0.023338523956717202,0.022677785979457767,0.008003959056687993,-0.006995546654293321,-0.007581447408366631,0.003289730477335482,0.010786481001632589,0.004905297957186016,1
2023-03-01,0.005648359572167028,0.004676058249580374,0.004981628750004636,0.008003959056687993,0.011803850427469518,0.018061176646259097,0.010616900151954,0.004530427304147889,0.0008579155537303581,1
2023-03-02,0.005616634799235243,0.00038964071592421544,7.457061405219234e-05,0.008003959056687993,0.0009304613535009738,-0.001697347282203548,-0.005442214457486921,0.0006261135669907411,-0.00029555788112067106,1
2023-03-03,0.018894830659536455,0.012502164600734705,0.013696790035534643,0.008003959056687993,0.006353293935781484,-0.01577310886488107,-0.006725758876224821,0.009086842746967276,0.0023815489717880774,1
2023-03-06,0.0013995801259623075,0.0008507967476023637,0.001629863425201881,0.008003959056687993,0.012852836584423096,0.00406071590806115,-0.009596285531526407,-0.003590946938489806,0.00014719824284367442,1
2023-03-07,-0.03296063358956436,-0.02137138073519644,-0.02063119383123854,0.008003959056687993,0.004494348708711906,-0.008953688216520567,-0.004815443496154235,-0.009821588217878426,-0.0005338997804841012,1
2023-03-08,-0.011200770805732896,-0.007347502154740455,-0.006637692470043095,0.008003959056687993,-0.0018566985847126537,-0.007052890672173682,-0.000544699171304442,0.0038738634868238685,-0.00012355867911651754,1
2023-03-09,-0.013398294762484664,-0.009680318221784584,-0.007588137974593146,0.008003959056687993,0.0005650392082920796,-0.010113630385358986,-0.011801981913777482,-0.001340046147104868,-0.00012355867911651754,1
2023-03-10,0.016049382716049276,0.007516910088870173,0.007196959579786142,0.008003959056687993,-0.007056169726588625,0.0040830333475809,-0.0005494715106868134,0.0008579155537303581,0.0014354629261519197,1
2023-03-13,-0.03195625759416765,-0.024845961285226162,-0.02271784466299341,0.008003959056687993,-0.0044119618493326865,-0.010430325002916352,-0.011567630970943814,-0.007370308839387462,-0.0006791993123223264,1
2023-03-14,-0.036400150621312966,-0.02611629075782589,-0.027040864243279977,0.008003959056687993,-0.015557966001754717,-0.0021582654269975653,-0.01271572020539871,-0.009821588217878426,-0.005169320263733586,1
2023-03-15,-0.03217402631236155,-0.02738828419780361,-0.026839161429637874,0.008003959056687993,-0.019801122899156733,-0.020598023766272264,-0.017982615996496313,-0.013882128805086111,-0.019600662847095912,1
2023-03-16,-0.015881561238223374,-0.01229486825676009,-0.01188054467883418,0.008003959056687993,-0.015149368337657912,-0.0042829193140775275,0.0035284646311078954,-0.003590946938489806,-0.010140913433201643,1
2023-03-17,-0.02858315098468278,-0.021038145841800738,-0.019888439175946085,0.008003959056687993,-0.021750588669811735,-0.012916405749348327,-0.0030857822822319466,-0.00716150908015471,-0.0026413673685569045,1
2023-03-20,0.019569196114317844,0.013963276957020076,0.012869613224243228,0.008003959056687993,-0.024758731075258493,-0.017656515570345546,-0.00153161312012399,-0.00465837771945215,0.005158199049957624,1
2023-03-21,0.03258768296050807,0.020248201415664236,0.02246067730974978,0.008003959056687993,-0.01449169097690263,-0.0019805146641262844,0.004359047849656362,0.009494786827079533,0.002989271181688274,1
2023-03-22,0.017384327360256746,0.00948629779625394,0.01028445348155207,0.008003959056687993,-0.004388976122532605,-0.0021539258075741414,0.0035380021944335822,0.0009179895211913943,0.0011156330449243407,1
2023-03-23,-0.023264984227129304,-0.01907213453958545,-0.01677785809936482,0.008003959056687993,-0.002584491003309996,-0.009149709345201582,-0.008779911400255205,-0.012267540250131536,-0.005189750568037807,1
2023-03-24,-0.009150854528327423,-0.006390237495585903,-0.005988668880472486,0.008003959056687993,0.0002933455315081851,-0.009919931337701283,-0.004629713068675964,-0.0020969398377043277,-0.001899168185821365,1
2023-03-27,0.04305310335461088,0.03088654781135111,0.029982431680917136,0.008003959056687993,0.004689848827339242,0.0037974451808911944,0.011357471277603457,0.014864717153339476,0.015584865311144573,1
2023-03-28,0.016536458333333393,0.017698933665014703,0.01719149602100078,0.008003959056687993,0.018468424050935593,0.004141973156638994,0.010196679826693332,0.02096581005954139,0.011966800739247243,1
2023-03-29,-0.007173049827078115,-0.00267787378420521,-0.001895493661061276,0.008003959056687993,0.00619747420600527,0.009852873229781909,0.011663091526196035,0.012145332496014814,0.002353075487007958,1
2023-03-30,0.012127467423558302,0.009286960315990477,0.00886379112007573,0.008003959056687993,0.003328690206397797,-0.003482055293276271,-0.0020278889885451115,0.009891379702641645,0.005206288808160233,1
2023-03-31,0.009432759719566475,0.0070320269685106825,0.007802476529759542,0.008003959056687993,0.013488467640602865,0.009825731245130143,-0.0021981322625975446,0.003320823208504242,0.0036069261058418664,1
2023-04-03,0.08359641368859716,0.04490730731602976,0.046805027266386696,0.008003959056687993,0.009418155728164353,0.004056699712787878,-0.0023530561375714413,0.06601750327807047,0.002806399215806414,1
2023-04-04,-0.0012819018762382228,0.002215380808043882,0.0010378003113641688,0.008003959056687993,0.03213524864889293,0.02534029843015774,0.008337462689991724,0.009381224075793405,0.0004989336619298853,1
2023-04-05,0.002217036172695419,-0.0023137373102908552,-0.002234110560479708,0.008003959056687993,0.012561304806857049,-0.0029956257933411654,-0.017213636768474337,-0.005397885813144247,-0.00029555788112067106,1
2023-04-06,0.0078006752823378545,0.0045601021775287486,0.006388162302062228,0.008003959056687993,0.015203020727561061,0.005175232988257072,-0.008030143473760304,0.0006261135669907411,0.00044645979170114053,1
2023-04-11,0.008780036968576654,0.00039503164412375,0.001712338088925575,0.008003959056687993,0.027455137594601733,0.010716999693502535,-0.011865692647231788,-0.0053705397097154415,-0.00013558122703308565,1
2023-04-12,0.011337608795235932,0.007104569914895309,0.008581507683964273,0.008003959056687993,0.010879883056269544,0.02616321142958225,0.012573349022934067,0.0045675091299842915,0.0011596365406829356,1
2023-04-13,-0.020382742611255722,-0.014862541883801615,-0.014385210629252026,0.008003959056687993,0.01641684772073912,-0.0007964652609510521,-0.01854897654117062,-0.008803427617448548,-0.0006791993123223264,1
2023-04-14,0.009247485839787295,0.0060641353698176826,0.0059218021114389,0.008003959056687993,-0.001729975888050024,0.017848069297354236,-0.007885185671098149,-0.006508334590458557,-0.00022718534087488144,1
2023-04-17,-0.019241782155537845,-0.011279214772456218,-0.011844506693762082,0.008003959056687993,0.00603262265581286,0.00863367611942049,-0.006573973846190158,-0.008543169159134249,-0.00013558122703308565,1
2023-04-18,-0.0017517225271516113,0.0008237125304415704,1.9247469082296908e-05,0.008003959056687993,-0.003122424528631571,0.019272639985738582,0.005895732408426627,-0.004028721691475827,-0.00013558122703308565,1
2023-04-19,-0.0016378100140383989,-0.006176401979125915,-0.0072534082713402274,0.008003959056687993,-0.0042997770170167,-0.0047353162558373685,-0.014866965956453872,-0.009211951298685999,-0.010541613784834529,1
2023-04-20,-0.024021560815561283,-0.019226446844210952,-0.01943495399316143,0.008003959056687993,-0.0009947024022089511,-0.00873667559290051,-0.014025212367807955,-0.010872153201838985,-0.018085729850107167,1
2023-04-21,0.0008404370272541151,-0.0024898359046712348,-0.004300115618555272,0.008003959056687993,-0.01466804300421663,-0.0027407672872900766,-0.0032126770372245686,-0.008543169159134249,-0.0052110832634529695,1
2023-04-24,0.010436660268714038,0.00922761491927796,0.009418730679450184,0.008003959056687993,-0.002695147782834884,0.017138713779477815,0.017781471465637442,0.009857889629632651,0.002989271181688274,1
2023-04-25,-0.024931734536388528,-0.018048306729752314,-0.018663542027497957,0.008003959056687993,-0.0033506855088819617,-0.007715210771661205,-0.010024616859079155,-0.006993521029208709,-0.005720431494869593,1
2023-04-26,-0.03579690734201868,-0.030598368373114387,-0.02972350456647366,0.008003959056687993,-0.01335765316760365,-0.017276561018111647,-0.014583424471571514,-0.015214329886759519,-0.007141725737658511,1
2023-04-27,0.011617628488445497,0.008391714685395757,0.00809768034010714,0.008003959056687993,-0.012950167532952993,0.0009616357061494182,0.00940748550914728,0.0012141084567158789,0.006780530676872279,1
2023-04-28,0.01510423168143804,0.009963454901708847,0.008444661133218657,0.008003959056687993,-0.0031778714440686417,0.010585426899771683,0.01606657338771664,0.009381224075793405,0.004808246201400281,1
2023-05-02,-0.05668962124938515,-0.035611684718450026,-0.03791787581123584,0.008003959056687993,-0.005652000612706239,-0.010140358411089562,-0.007390140349450729,-0.03288626165384944,-0.018085729850107167,1
2023-05-03,-0.049537218094120705,-0.03975690023851839,-0.039933004233912536,0.008003959056687993,-0.024309752022469697,-0.03440671455210717,-0.013887279030613663,-0.032289950692240776,-0.022032517646800476,1
2023-05-04,0.0012343985735838725,-0.0017926187974157848,-0.0016357298400927118,0.008003959056687993,-0.019848718051654463,-0.012320015339639341,-0.0007559126226990894,-0.0053705397097154415,-0.0059075321027776,1
2023-05-05,0.039041095890410826,0.024685198600322134,0.026908466851028223,0.008003959056687993,-0.011334864989243652,-0.00701196966587005,0.0037815753458608154,0.0136655083839648,0.012086140537207458,1
2023-05-09,0.02518127883981558,0.019419287723406616,0.018978173321109685,0.008003959056687993,-0.00830809624694133,-0.0016848483496269507,0.011296631125579906,0.009086842746967276,0.007755108337447573,1
2023-05-10,-0.013631687242798396,-0.009523579042577699,-0.008112430653438049,0.008003959056687993,-0.005225663006289662,-0.010932922170842772,-0.0003958836822982384,-0.006993521029208709,-0.00365949342369778,1
2023-05-11,-0.01799217731421132,-0.016269851588352247,-0.016810718274190194,0.008003959056687993,-0.007164171157805363,-0.006943092410236221,-0.0033177525933243534,-0.014606635601551031,-0.007228765962308057,1
2023-05-12,-0.010355815188528794,-0.010881064575202104,-0.01083668850899724,0.008003959056687993,0.0016222589200058299,-0.020660769691610133,-0.01351035062748707,0.0011233215876326314,-0.0059075321027776,1
2023-05-15,0.012342366514622949,0.005706319277946436,0.008243947288253714,0.008003959056687993,0.0035899219420370207,-0.004332091909037798,-0.0055219891528632175,0.010356729223845793,-0.002244112096375732,1
2023-05-16,-0.0041081367611978115,-0.002448740113421224,-0.001602655154056376,0.008003959056687993,0.0034645668450237303,0.00022819528981432233,0.004081380011001688,0.002229477399552187,-0.0027580587593644883,1
2023-05-17,0.024351297405189598,0.018717044359399675,0.018914294698470474,0.008003959056687993,-0.004469098564427041,0.008089090312327747,0.017909508700792703,0.013902993147993686,0.01093656053479965,1
2023-05-18,-0.01597817614964936,-0.007351398096052543,-0.00803046847294895,0.008003959056687993,0.002698341446431829,0.006929035974598409,0.001854585951834996,0.007881930578745786,0.0004989336619298853,1
2023-05-19,-0.00435643564356436,-0.0016961865160258405,-0.0014394014023050754,0.008003959056687993,-0.003112351300666425,0.004976167583852758,0.002814922418185133,-0.00014693185293416478,0.0014354629261519197,1
2023-05-22,0.004640678865022396,0.007259577496989839,0.006859898086374743,0.008003959056687993,-0.0005585628167777638,0.013273010864208633,0.017117814477312202,0.009891379702641645,0.00398285396336442,1
2023-05-23,0.011746073643922328,0.010486876201418511,0.008963038288403268,0.008003959056687993,0.006648671443450097,0.00016654741173932272,0.001759861147558715,0.010941957308701403,0.0014354629261519197,1
2023-05-24,0.017349334724758636,0.006908302745964659,0.007570289684542244,0.008003959056687993,0.00021614240942947893,-0.007895950364628495,-0.008466622826992887,-0.005329233329261947,0.0022036457754171994,1
2023-05-25,-0.029875625080138413,-0.018999114888898196,-0.019317257692481934,0.008003959056687993,0.007449525274772169,-0.015007513937666691,-0.008710835986975373,-0.010054356934362798,-0.0038438388806288477,1
2023-05-26,0.008855405762622226,0.004586981552079527,0.0036475244557812986,0.008003959056687993,-0.006893590829233541,0.0034199666714141274,0.006883158503871438,-0.005329233329261947,-0.00029555788112067106,1
2023-05-30,-0.03864797589414393,-0.02176623472548968,-0.02392743720418108,0.008003959056687993,0.005745675488407757,0.008627419085757492,0.008498586347525337,-0.009635078766522174,-0.00010728273696822038,1
2023-05-31,-0.019078768056691064,-0.011909480553780853,-0.013332285993294581,0.008003959056687993,-0.008808773426084684,-0.01799831508885852,-0.010877580504032546,-0.005329233329261947,-0.002380016198382819,1
2023-06-01,0.03056404556821346,0.02219717653526427,0.021799115696315166,0.008003959056687993,-0.01280082183413179,-0.0028158576624535353,0.007663528764462236,0.009381224075793405,0.006946834303877668,1
2023-06-02,0.024534915071447783,0.014341464791822712,0.01565594625394318,0.008003959056687993,0.004298222423469562,0.00758591129028688,0.009848920130800923,0.01076811461072469,0.0023815489717880774,1
2023-06-05,0.00802631578947377,-0.0020001741228152215,-0.0014094109314466312,0.008003959056687993,-0.006739363879447499,-0.013695418319591313,-0.019756826324687414,-0.014341238726822605,-0.007322379093241599,1
2023-06-06,-0.005090719227254903,-0.0021921692758938805,-0.0046171773668037255,0.008003959056687993,0.0016774005294756065,-0.009214130506155115,-0.019895760043541943,-0.010872153201838985,-0.001065484918854697,1
2023-06-07,0.008265547100498427,0.006999007693204591,0.007426417717546541,0.008003959056687993,0.004596233463328495,0.01191275994320145,0.004608833196397594,0.0011233215876326314,0.006946834303877668,1
2023-06-08,-0.012621990891346746,-0.011290568967339869,-0.009713405354465722,0.008003959056687993,0.009830376528455571,-0.00314138636584628,-0.0023293872802132116,-0.005193621832607442,-0.004352068589606028,1
2023-06-09,-0.015023721665788137,-0.01726258428271194,-0.017643021514201593,0.008003959056687993,0.004199274293688,-0.016779330109666576,-0.016859224248990445,-0.013882128805086111,-0.015961505511182295,1
2023-06-12,-0.03933636606903934,-0.031444886674233175,-0.031616946477886286,0.008003959056687993,-0.001900676547293867,-0.017205626201140863,-0.02398641343605481,-0.010389063965861397,-0.016898539825331578,1
2023-06-13,0.03398328690807806,0.02417673070592408,0.023525241206238123,0.008003959056687993,-0.011793716917818456,0.019487741998195616,0.014965725091817124,0.011119686129788784,0.006946834303877668,1
2023-06-14,-0.0114493534482758,-0.008683323498940966,-0.007617832606776724,0.008003959056687993,0.0012953726957806305,0.0017452520068847715,0.0013525923158549114,-0.00465837771945215,-0.004308268930750137,1
2023-06-15,0.03215696961438885,0.01719073855585635,0.019008967731298107,0.008003959056687993,-0.010367981769264747,0.014238219686151292,-0.0013243629104373825,0.008978334440876668,0.006780530676872279,1
2023-06-16,0.01333333333333342,0.008808446093595528,0.007597146211804038,0.008003959056687993,-2.2675740839181446e-05,0.0009993072375284314,-0.0037894132511612534,0.008003966069998106,0.004905297957186016,1
2023-06-19,-0.008728504429390327,-0.004764207600606968,-0.004660348303882558,0.008003959056687993,0.009203630343664098,0.03340631233682613,0.02530171500901813,0.007693676300143528,0.0011596365406829356,1
2023-06-20,-0.003942699434879682,0.00039246334693477937,0.0005430667520178124,0.008003959056687993,-0.0024292596402192817,-0.008975837334144938,-0.0039046272624757225,-0.0018982538635147544,0.003280428356759693,1
2023-06-21,0.014909618683203618,0.010466446352320004,0.00965972764123909,0.008003959056687993,0.012318930554831582,-0.007257587533305144,-0.009013347343943691,0.0032367641835936026,0.0030488207644807927,1
2023-06-22,-0.0388715548621944,-0.02482328504375043,-0.023232432139097803,0.008003959056687993,0.007515868445300916,-0.0011961376904951262,-0.008314773229132818,-0.011397322241306915,0.00022650875963826158,1
2023-06-23,-0.005004734208034711,0.0014270151624832627,-0.00040626718309115544,0.008003959056687993,-0.008132988220526598,-0.004020122077087488,0.009395294679381199,-0.001340046147104868,0.0010312390879742197,1
2023-06-26,0.004078303425774754,-0.0002980452552609414,-2.8140628873769765e-05,0.008003959056687993,-0.002495090725382447,-0.001906422588184041,-0.0013372406810814724,-0.005193621832607442,-0.002006009166984989,1
2023-06-27,-0.026807473598700282,-0.01718236793168092,-0.015782462933236333,0.008003959056687993,-0.002141145570511216,0.0006459237268132655,0.0026439889267431405,-0.004028721691475827,-0.00010728273696822038,1
2023-06-28,0.024485253199777457,0.014534621052321551,0.014257586521937165,0.008003959056687993,-0.018327263695399762,-0.017015500425219463,-0.0014118134170053934,-0.0018982538635147544,0.0011156330449243407,1
2023-06-29,0.002987506789788208,0.0024833103426160075,0.0030206588181990474,0.008003959056687993,0.003234357245006543,0.012683982880879022,0.012280308018586959,0.009857889629632651,0.0004989336619298853,1
2023-06-30,0.00880043325209856,0.005524060897407509,0.004968287990466669,0.008003959056687993,-0.0052719517425209965,-0.011372451349404993,-0.014818791777325674,-0.005329233329261947,-0.00012355867911651754,1
2023-07-03,0.0001342101731309775,-0.004577212727943972,-0.005444443151988233,0.008003959056687993,-0.0012791676752613966,-0.014559980276384147,-0.01067099836361676,-0.02136475354165071,-0.005720431494869593,1
2023-07-04,0.022946859903381744,0.014987487015543872,0.013231159667538721,0.008003959056687993,0.006319815903636407,-0.005619324425540698,-0.010547806516364671,0.003059570776649634,-0.00012355867911651754,1
2023-07-05,0.00669027941755207,0.006474821773964273,0.0064895502573866694,0.008003959056687993,0.007359928571337597,0.024588049788138732,0.011973084298046752,-0.001340046147104868,0.002353075487007958,1
2023-07-06,-0.00026062027625739503,-0.0012106423475892391,-0.0011981598201971132,0.008003959056687993,0.009620461423185372,-0.001958841038715388,-0.0006948443111462962,-0.008543169159134249,-0.00013558122703308565,1
2023-07-07,0.026720542231491118,0.01946579778380558,0.018184457377735077,0.008003959056687993,0.004867522886045567,0.0026064450209497296,0.0020958132139178016,-0.001340046147104868,0.0030488207644807927,1
2023-07-10,-0.011933477212136556,-0.00826738921448218,-0.00705148943839954,0.008003959056687993,0.016282677118835895,-0.0010207881706864753,-0.013472227871634448,-0.001340046147104868,-0.0006791993123223264,1
2023-07-11,0.02197096235384821,0.014687659169830933,0.014261064431966706,0.008003959056687993,0.00218849387454062,0.0083544476661001,-0.0008908164547939529,0.0038738634868238685,0.00044645979170114053,1
2023-07-12,0.010183555443801673,0.005351219268190171,0.006687028200570236,0.008003959056687993,0.012799992676905157,0.009823811506570275,-0.004636842101125036,-0.00716150908015471,-0.002059248185006963,1
2023-07-13,0.011947728686994452,0.008973787676408147,0.008790468760437774,0.008003959056687993,0.011206687502973486,0.010277920526865492,-0.00033775376253426326,0.01076811461072469,0.0004989336619298853,1
2023-07-14,-0.01734104046242768,-0.014314519785803632,-0.015157878262035572,0.008003959056687993,0.006297920077965239,0.0010112524959118938,-0.007825502511317195,-0.013882128805086111,-0.009331583678603666,1
2023-07-17,-0.026282853566958808,-0.005185790166038148,-0.0065505137051684,0.008003959056687993,0.005793918981339918,0.02742136865700029,0.021073515253854917,0.0011233215876326314,0.006709997208997946,1
2023-07-18,0.0223650385604115,0.01428496066127075,0.015428338919813251,0.008003959056687993,-0.004506392154232687,0.01930763419020514,0.019384201308784085,0.014864717153339476,0.009168091568954657,1
2023-07-19,-0.002011566507417739,0.001041430706406894,0.00018518068917855235,0.008003959056687993,0.008900220954037499,0.0009746084234518483,0.004687906087464826,0.014395506982952517,0.002617194926628538,1
2023-07-20,0.003023431594860293,0.007459986677210781,0.0060805442639436,0.008003959056687993,-0.005104278810757881,-0.007277040245389792,-0.00903866059078226,0.005184512367081655,0.003280428356759693,1
2023-07-21,0.018085908063300682,0.011745003231055665,0.012656328869230316,0.008003959056687993,-0.0030398232662261077,0.013527079502337912,0.013121044768106415,0.013036649120540639,0.005206288808160233,1
2023-07-24,0.0181347150259068,0.015944632094022956,0.015820218347860182,0.008003959056687993,0.007174405865518282,0.02743562256943833,0.02585449542361098,0.009381224075793405,0.0023815489717880774,1
2023-07-25,0.011268629589240131,0.006914106281157492,0.006018785549076735,0.008003959056687993,0.005074773730217995,-0.005703713581143643,0.004486866577411208,-0.0018982538635147544,-0.00013558122703308565,1
2023-07-26,-0.005751258087706601,-0.0037058233825394693,-0.0033028231604258444,0.008003959056687993,0.010941163016430444,-0.002124129054922874,0.0032089302370255013,-0.007370308839387462,-0.00013558122703308565,1
2023-07-27,0.01566642564473364,0.013309432535424982,0.012088027943595741,0.008003959056687993,0.006733953873888376,0.002200031722728932,0.007107717714796881,0.0011233215876326314,0.0011596365406829356,1
2023-07-28,0.002491694352159346,0.0006241068843793629,0.0015014960331107947,0.008003959056687993,0.012557208298301065,0.007968920730162442,0.008681003916118302,0.0024171850084580143,0.00022650875963826158,1
2023-07-31,0.008640075748609366,0.0053499411089180625,0.005616562488707015,0.008003959056687993,0.0079706976696637,0.0013459972603774729,0.0019077984011275188,-0.003590946938489806,0.00022650875963826158,1
2023-08-01,0.001408120159587023,0.001084004632185479,0.0012211034620108858,0.008003959056687993,0.006645039287118811,0.009375437130172522,0.005236919648930411,0.004530427304147889,0.00022650875963826158,1
2023-08-02,-0.015584719943754322,-0.010747513241911654,-0.009884984788113641,0.008003959056687993,0.006753608361243878,0.006469761904363939,0.002394774324444418,0.0032367641835936026,0.00022650875963826158,1
2023-08-03,0.02594929175098204,0.014197005147958384,0.013499171960601197,0.008003959056687993,-0.002106806562725109,0.001144644945958816,0.0021375031820095067,0.0038738634868238685,0.00044645979170114053,1
2023-08-04,0.013806706114398493,0.009261192006501967,0.008298669748141845,0.008003959056687993,0.011214480776966892,0.011478435938700057,0.007581789368194015,0.0008579155537303581,0.00014719824284367442,1
2023-08-07,-0.01041428244449527,-0.009676025541960814,-0.009937729500993,0.008003959056687993,0.00530165068793957,-0.002682794423390324,-0.0068513187437548905,-0.0018982538635147544,-0.0006791993123223264,1
2023-08-08,0.017693997918353244,0.011473922614860488,0.012078648377824361,0.008003959056687993,-0.001287240072015302,-0.0104135093744422,-0.014003518484913045,-0.001340046147104868,0.003651221624258088,1
2023-08-09,0.014886363636363642,0.006146291793043863,0.007110236872894507,0.008003959056687993,0.012473879606962073,0.016882610865705076,0.008439352497917649,0.0011233215876326314,0.0004989336619298853,1
2023-08-10,-0.020938304781099593,-0.014166407533465217,-0.014104330662752452,0.008003959056687993,0.008118687809354945,0.007344338478803962,0.0025724577424256923,-0.006508334590458557,-0.000542458234749591,1
2023-08-11,0.0056038426349498405,0.004042542355865276,0.004984338847279874,0.008003959056687993,-0.0009181590516240609,-0.006511252944972688,-0.010304755845251517,-0.0018982538635147544,0.0011596365406829356,1
2023-08-14,-0.0060275218924144,-0.008161198559325218,-0.0069878229953307365,0.008003959056687993,0.007932794987301366,-0.009418094067857758,-0.018689633900951547,-0.005193621832607442,-0.0005338997804841012,1
2023-08-15,-0.01281464530892451,-0.011825859579089762,-0.011643775580641383,0.008003959056687993,-0.00025049914856412753,-0.008405633639623204,-0.014231805029023372,-0.004028721691475827,-0.0024290167142139406,1
2023-08-16,-0.0207464070468244,-0.02055099458064176,-0.02006828886222446,0.008003959056687993,-0.005780985896424003,-0.012710992681889978,-0.017408059761823948,-0.010389063965861397,-0.016898539825331578,1
2023-08-17,0.008876790152680725,0.0007591306307728963,0.0011655285026328866,0.008003959056687993,-0.006228240467395544,0.006392751654085704,-0.0034000422106932418,-0.00465837771945215,-0.005189750568037807,1
2023-08-18,0.00797747536367921,0.006114280055581052,0.005222006375341956,0.008003959056687993,-0.004776717479158497,-0.0049108962563661155,-0.006836742583511149,-0.00465837771945215,-0.0006848042947076279,1
2023-08-21,-0.005586592178770999,-0.005517145822128745,-0.0046761318362302925,0.008003959056687993,-0.003165855043596944,-0.006162294974905563,-0.00830516676297943,-0.008543169159134249,-0.0026413673685569045,1
2023-08-22,-0.008661048689138529,-0.008404742510616204,-0.00876648259432636,0.008003959056687993,-0.0071771063253951335,-0.006404344648836137,-0.01639549249242024,-0.008767114910858177,-0.0027580587593644883,1
2023-08-23,-0.008972845336481794,-0.006389639275178219,-0.006868032293589029,0.008003959056687993,-0.0026881682783659547,0.011506367506133186,0.002820833981381058,0.0009179895211913943,-0.0010899017979406646,1
2023-08-24,0.001548725279961749,0.004048868091830539,0.004029488102174311,0.008003959056687993,-0.0039516191713672225,0.009700301390077782,0.011303200796004116,0.008978334440876668,-0.00021084515421810409,1
2023-08-25,0.01605804686570722,0.010739972724945684,0.008399763823325341,0.008003959056687993,-0.0012802432779948003,0.0003921280532404811,0.002452998898026024,-0.0020969398377043277,-0.002244112096375732,1
2023-08-29,0.011121517209084608,0.012273400193261612,0.012677396265774799,0.008003959056687993,0.0018147705256555558,0.023790199278664395,0.016031265367418022,0.014204907914821567,0.008715364241250826,1
2023-08-30,0.0028945235614217246,0.008939531868437605,0.007549153799580517,0.008003959056687993,0.000967571824936354,0.006712646415254379,0.013275984998165069,0.010964921777776636,0.007247990167212294,1
2023-08-31,0.007734934195335885,0.0064618518063218324,0.006724742102307228,0.008003959056687993,0.0026826137504640767,0.005787574270945265,0.011726938129243067,0.0032367641835936026,0.0045079937727264445,1
2023-09-01,0.030816817504868865,0.020433751956678084,0.02315073037757537,0.008003959056687993,0.007490126915156225,0.01106325398597878,0.013136745171199633,0.019121764554695424,0.008223695104021376,1
2023-09-04,0.004889975550122161,0.003952952102354862,0.004654768447962615,0.008003959056687993,0.014660034430001554,0.015487539229987832,0.019007833739489607,0.02096581005954139,0.002806399215806414,1
2023-09-05,0.009179385091793835,0.0048390152795170826,0.0056665759876776646,0.008003959056687993,0.008746752853201166,0.006994696843146678,0.009396572218032041,0.0023343458396023675,0.00014719824284367442,1
2023-09-06,0.0059178082191782,0.00597993216398679,0.005652929175562074,0.008003959056687993,0.011321720994103689,-0.0004025598774065036,0.002592375739289445,0.010170722847802516,0.002229477399552187,1
2023-09-07,-0.00686349275520215,-0.0030548010265689773,-0.0021223687022583603,0.008003959056687993,0.012593898579898193,0.00010973120523727516,-0.0013532582847452616,0.009857889629632651,0.00022650875963826158,1
2023-09-08,0.007569109258446671,0.006630377544965233,0.005987373715401564,0.008003959056687993,0.004477023933630612,0.0036420631899272173,0.009172434162235791,0.004530427304147889,0.00044645979170114053,1
2023-09-11,0.001306477953184615,0.0010084580206459637,0.0005091422778758823,0.008003959056687993,0.009388327067502259,-0.0005466697778662866,-6.106568504149677e-05,-0.003590946938489806,0.00014719824284367442,1
2023-09-12,0.01750570838316845,0.006836226503016232,0.007413530945365192,0.008003959056687993,0.0029610535249674965,0.003495808211588353,-0.003700590512145929,-0.0018982538635147544,0.00044645979170114053,1
2023-09-13,-0.005770463774310675,-0.002919496080410473,-0.003026791181353976,0.008003959056687993,0.006145429500572751,0.0039433803663959,0.0010657246554032114,0.0024171850084580143,-0.00010728273696822038,1
2023-09-14,0.023215821152192673,0.015026039203267087,0.013850490122485444,0.008003959056687993,0.0021775515173672044,0.014599272231087966,0.010361804640499453,-0.001340046147104868,0.00014719824284367442,1
2023-09-15,0.003676470588235281,0.0027260395834129768,0.0033979507034673706,0.008003959056687993,0.009009090946135152,0.011461649656986568,0.0016246627589086484,0.003320823208504242,0.00014719824284367442,1
2023-09-18,0.004186289900575568,0.0021851867676581605,0.00256541302906194,0.008003959056687993,0.007978752639055762,0.012032971654642267,0.005899887308672237,0.0006261135669907411,-0.00029555788112067106,1
2023-09-19,0.0016675351745700784,0.0003940057405504438,0.0007825592116502606,0.008003959056687993,0.004827086984659855,0.012867189987579027,0.011965490023804313,0.0038738634868238685,0.00022650875963826158,1
2023-09-20,-0.016127354073457445,-0.010210998324877768,-0.010017499784099096,0.008003959056687993,0.009507367538977712,0.005018560340436977,0.0005144856099040711,0.0038738634868238685,0.00014719824284367442,1
2023-09-21,-0.009094754653130255,-0.0048215614566782675,-0.005273432122278701,0.008003959056687993,-0.0019828266204106933,-0.004928855932830346,-0.008659750769566418,0.0032367641835936026,0.00022650875963826158,1
2023-09-22,0.003094983991462019,0.0027500361773404856,0.0020777402847301707,0.008003959056687993,0.0006570367101299823,-0.0043072190862579185,-0.00020715400985794487,0.0006261135669907411,0.00044645979170114053,1
2023-09-25,0.00021278859453133236,-0.0017655833739845528,-0.0014995457335911404,0.008003959056687993,-0.0008839650418943018,-0.0024516594298240567,-0.0018971811955507166,0.0032367641835936026,0.00022650875963826158,1
2023-09-26,0.0047867248165087695,0.0051817427969927336,0.005488404076354738,0.008003959056687993,-0.004744608477916504,-0.0029229595135611105,-0.00335764432243837,0.0032367641835936026,0.002617194926628538,1
2023-09-27,0.02794833792081297,0.014844120915261765,0.016860673112479456,0.008003959056687993,-0.0016394470555805927,-0.00750465122521859,-0.00028199505328763857,0.0032367641835936026,0.0004989336619298853,1
2023-09-28,-0.004737384140061751,-0.003615530488751839,-0.0034011452888159273,0.008003959056687993,0.006777314460289466,-0.00986389061121085,-0.013762782970314025,-0.003590946938489806,-0.0005338997804841012,1
2023-09-29,-0.008071192052980125,-0.003888959738253831,-0.005017211791378777,0.008003959056687993,0.0006565753280700186,-0.01058180919606589,-0.01923212983586564,-0.00716150908015471,-0.0024290167142139406,1
2023-10-02,-0.048508241185061585,-0.0333940677742298,-0.034797688363468644,0.008003959056687993,0.0029774925151103016,-0.017320767205107918,-0.024321277869544057,-0.019442961142524657,-0.015961505511182295,1
2023-10-03,0.03563205788838952,0.021664191996214638,0.018910329220603386,0.008003959056687993,-0.00767411095808164,-0.003739362001274978,-0.006630020774211123,0.010356729223845793,-0.0035629178556257214,1
2023-10-04,-0.04901545627778947,-0.030236609261779002,-0.030216391260531234,0.008003959056687993,0.0069982360544096345,0.004215916220856485,-0.0032370101924802316,-0.014576997682765104,-0.004628115830519994,1
2023-10-05,-0.0172548146498942,-0.010565190872274784,-0.009882501288149562,0.008003959056687993,-0.01766300146264148,-0.010418373274048922,-0.008890948229468584,-0.008767114910858177,-0.0026413673685569045,1
2023-10-06,-0.004757589487992764,-0.0015955278309537347,-0.0023429070010263634,0.008003959056687993,-0.018409062143588624,-0.00876298783280266,-0.013047087140173745,-0.006682538388738016,-0.0026413673685569045,1
2023-10-09,0.03994992032779421,0.02857651670142472,0.029045313518117403,0.008003959056687993,-0.004904101666834335,0.03129469442694023,0.021853025559350845,0.01692162015383525,0.01992981440751477,1
2023-10-10,-0.007332822589471433,-0.005866955971388269,-0.004771336847812402,0.008003959056687993,-0.007887303890713342,-0.0006819253334607502,0.0005276197807505788,-0.0005849850720510055,-0.0026413673685569045,1
2023-10-11,-0.0343991179713341,-0.023320255954440827,-0.022975495669935526,0.008003959056687993,-0.0036036646924852422,-0.004265022179068021,-0.008373129673211105,-0.010367121125884091,-0.007141725737658511,1
2023-10-12,0.00936286823475685,0.006962892151257802,0.007227655685551083,0.008003959056687993,-0.013953429697861307,0.010061963581063326,0.013221859716747742,0.008978334440876668,0.009530659197770353,1
2023-10-13,0.06708144796380089,0.046472830395249035,0.042246493876498724,0.008003959056687993,0.007308156847711442,0.011645999343501802,0.02808625677425606,0.041013894406072074,0.01992981440751477,1
2023-10-16,-0.03540761157638084,-0.02722286429165967,-0.02525182225729605,0.008003959056687993,0.016164085381594133,-0.008555668102624439,-0.010956310112386828,-0.013882128805086111,-0.0005338997804841012,1
2023-10-17,0.016815034619188873,-0.001616149333817234,-0.0003335173693640098,0.008003959056687993,-0.00862808295260966,-0.008974372072490742,-0.006904607695316646,0.008003966069998106,0.003651221624258088,0
2023-10-18,-0.005728491137051428,-0.0033425669491211852,-0.0008193469795399716,0.008003959056687993,0.003229377183849181,-0.023340913366685458,0.01065662212462527,-0.004028721691475827,0.00022650875963826158,0
2023-10-19,0.012283943906946426,0.004376111176719319,0.002536408971313968,0.008003959056687993,0.009823319319077551,0.0012395957071243266,0.0033478215640142584,0.004072929130293846,0.0017178363656152969,0
2023-10-20,0.006443298969072142,-0.0017650903064235423,0.002141721120262568,0.008003959056687993,-0.0013611493210447367,-0.02092753443526858,-0.002645798674972112,-0.0018982538635147544,0.0011596365406829356,0
2023-10-23,-0.01963294921041403,0.008544373626056251,0.007745293256393297,0.008003959056687993,0.004349613849674099,-0.020697137950218727,0.008295316582467316,-0.001340046147104868,0.0004989336619298853,0
2023-10-24,-0.042228994340444026,0.002025960825106453,0.0028792417618682077,0.008003959056687993,-0.001728224968850593,0.010435844492843382,-0.008529146877160944,-0.0018982538635147544,0.00044645979170114053,0
2023-10-25,0.024318181818181905,0.002110814933266487,0.004658278219203022,0.008003959056687993,0.0014702062276710386,0.0417355063646068,-0.003413871004342058,0.003059570776649634,0.002617194926628538,0
2023-10-26,-0.018748613268249392,-0.0018571672618266644,-0.0017340608881538406,0.008003959056687993,0.001726817314543585,-0.0062047869295670565,-0.003994963533547795,0.004072929130293846,-0.0018202039885285859,0
2023-10-27,0.025777275296777757,0.00550195461948668,0.006804532808165401,0.008003959056687993,0.0027246907938338737,0.024736072464469305,0.002072022451091172,0.0032367641835936026,0.00398285396336442,0
2023-10-30,0.0,-0.017417559848874012,-0.01689074852497139,0.008003959056687993,0.0008479301914080819,-0.032634356088473176,-0.009713314251615144,-0.019442961142524657,-0.01190278313069424,0
2023-10-31,-0.04309489694698565,-0.011392683672564448,-0.012262292770700954,0.008003959056687993,0.0015447723319423822,-0.04559682441884461,-0.003087762286656467,-0.0053705397097154415,-0.0059075321027776,0
2023-11-01,0.0011518083390924527,-0.013568764787794443,-0.013598543585589862,0.008003959056687993,0.0012833210719621134,-0.00288457873275917,-0.01890238135127947,-0.015214329886759519,-0.006682538388738016,0
2023-11-02,0.024160147261850007,0.012541871968276186,0.011792032180199499,0.008003959056687993,0.0016940313370812665,0.01249025536253415,0.02293364201442694,0.014864717153339476,0.006946834303877668,0
2023-11-03,-0.016513143113906947,-0.002766542780571705,-0.0028502751738180205,0.008003959056687993,0.0014921951806809327,-0.015472747148974437,-0.011704669250462745,-0.005926473684255926,0.0011156330449243407,0
2023-11-06,-0.002741290691033682,-0.020188413965597167,-0.019062079444927757,0.008003959056687993,0.001600803069088597,-0.005172149474640228,-0.009970727733488588,-0.012267540250131536,-0.007141725737658511,0
2023-11-07,-0.044439354025884725,-0.009725771873008401,-0.00944647416655218,0.008003959056687993,0.0014178290308393517,-0.023329005280910815,-0.008089517574195185,-0.012267540250131536,-0.005059605568248718,0
2023-11-08,-0.02361260937312737,-6.249574913034572e-05,-0.0006050592943288585,0.008003959056687993,0.0015246167472658903,0.014187454566366099,-0.02317432559103802,0.008379895877390773,-0.0006848042947076279,0
2023-11-09,0.003437269825681266,0.00111325432629081,0.0009057619822454532,0.008003959056687993,0.001500348068823255,0.013920588332440087,-0.0166805523020767,-0.009237027683333057,-0.0010456322121094395,0
2023-11-10,0.02348911181795943,0.010792747227155236,0.009850186950669087,0.008003959056687993,0.0015420774936381915,0.007293517945205415,0.020787874113859364,0.007881930578745786,0.00747619763692109,0
2023-11-13,0.00513985178101839,0.0021617546576538894,0.00454717284999162,0.008003959056687993,0.0015003851430236248,-0.0008775111195312643,0.02610336449791855,0.006255410897025833,-0.0006848042947076279,0
2023-11-14,0.0013081222499702339,-0.006725827142318116,-0.006030152053576423,0.008003959056687993,0.0015168331018851717,-0.01036113054509718,-0.0030694691666532663,-0.009237027683333057,-0.0027580587593644883,0
2023-11-15,-0.02137767220902609,0.004742427315942198,0.004711970266704818,0.008003959056687993,0.0015025525239528467,-0.014731867092450949,-0.005211173899851266,0.0009179895211913943,-0.0010456322121094395,0
2023-11-16,-0.05667475728155347,-0.003672124235542614,-0.005462987068943983,0.008003959056687993,0.0015168531902254865,0.005540674021396966,-0.01586622917605875,0.004544602341894501,-0.0006848042947076279,0
2023-11-17,0.04489900939148317,0.004816076692229456,0.004447369406250172,0.008003959056687993,0.0015110367213773126,0.06148439682508807,-0.011886319622176412,0.0136655083839648,0.0045079937727264445,0
2023-11-20,0.02499384388081749,0.01057721141272276,0.007079738682080282,0.008003959056687993,0.0015150208888724931,0.01655440363924681,0.03571016093588505,0.011828807152006678,0.007183785954817513,0
2023-11-21,-0.009969969969969905,0.001166257649969038,0.003481863498617468,0.008003959056687993,0.0015098192196524981,0.005271107028200345,0.03113650914792758,0.010964921777776636,0.007368708336915513,0
2023-11-22,-0.008007765105556897,0.006360288342045863,0.006458776690705929,0.008003959056687993,0.0015126721318828077,0.009779203262485206,0.004441687135787623,0.0032367641835936026,0.003651221624258088,0
2023-11-23,-0.011130136986301498,0.007825042344264201,0.007485276099167132,0.008003959056687993,0.001511360845913802,0.006674630025521426,0.002426931046410511,0.0011233215876326314,0.00480665715684438,0
2023-11-24,-0.01273964131106986,0.007954521779386506,0.007731429239187948,0.008003959056687993,0.0015129239202458075,0.02194999464408319,-0.00871430018613597,0.004072929130293846,0.00480665715684438,0
2023-11-27,-0.004134302179904736,-0.003077280311476408,-0.004306012721646184,0.008003959056687993,0.0015118335902748632,0.01386670827895612,-0.013065523087454253,-0.001340046147104868,-0.00012355867911651754,0
2023-11-28,0.027299031324695022,-0.008069337060960921,-0.011391997824659071,0.008003959056687993,0.0015123349143093638,-0.009774224366881882,-0.009396444921820101,-0.02204046775281896,-0.012573311697711172,0
2023-11-29,0.016164584864070575,-0.00792248147166067,-0.008942665555772167,0.008003959056687993,0.0015118167556690267,-0.038784846641860195,0.015782879653652434,-0.013882128805086111,-0.005059605568248718,0
2023-11-30,-0.015184381778741929,-0.015249204655476403,-0.01611217974572356,0.008003959056687993,0.0015122379016058978,-0.05873067016838596,-0.003735672611684847,-0.013882128805086111,-0.009939906311062126,0
2023-12-01,-0.03671071953010274,-0.013487204178757902,-0.013838547558041685,0.008003959056687993,0.001512048204743131,-0.04467560302046421,-0.014916184616927104,-0.010367121125884091,-0.005720431494869593,0
2023-12-04,-0.0071138211382114624,0.005524403279605246,0.004207508865247546,0.008003959056687993,0.0015122041365516249,0.0036889931380830387,-0.008572525438521602,0.0011233215876326314,0.0036069261058418664,0
2023-12-05,-0.011386898669396128,0.003029387038181708,0.002806086552381728,0.008003959056687993,0.0015120531695162515,0.019296589120795196,-0.0042659436304910755,0.008983770738731614,-0.003916413390919652,0
2023-12-06,-0.0380484017082956,-0.010750949908196535,-0.009803323625446659,0.008003959056687993,0.0015121329004969938,0.0163127587486652,-0.016614234453274306,-0.008767114910858177,-0.002244112096375732,0
2023-12-07,-0.0016144221713978446,0.0025507369406968304,0.0012014338733040348,0.008003959056687993,0.0015120812052116623,0.024196886196674334,-0.018493082326695685,-0.008767114910858177,-0.0010456322121094395,0
2023-12-08,0.023312222072497057,0.006995754707054882,0.008436209581716652,0.008003959056687993,0.001512132466535651,0.017969866862025164,0.018587659939252026,-0.003611625798866397,-0.0006848042947076279,0
2023-12-11,-0.002501975243613397,0.002424729293795227,0.003946667518820952,0.008003959056687993,0.0015121014774310741,-0.020039378267164027,-0.004752578717445713,-0.008543169159134249,0.004808246201400281,0
2023-12-12,-0.021650165016501632,-0.007770721562693732,-0.007146506079887543,0.008003959056687993,0.0015121190567753263,-0.033986408521465235,-0.013377036435185926,-0.010367121125884091,-0.002244112096375732,0
2023-12-13,0.00040480367021999974,-0.004907400291117459,-0.0051840113264069974,0.008003959056687993,0.0015121018516885726,-0.008698413775193207,0.002507016793879881,-0.008584871641841825,-0.001065484918854697,0
2023-12-14,0.039250067439978276,0.009738889983370101,0.006777229557882868,0.008003959056687993,0.0015121139325293977,0.011153236484067552,0.014915594209630194,0.010356729223845793,0.0011156330449243407,0
2023-12-15,-0.0027255029201815884,0.004572914428183333,0.005823478802834304,0.008003959056687993,0.0015121075348830228,-0.02554137594983856,0.0018934769325492766,0.002229477399552187,-0.00021084515421810409,0
2023-12-18,0.026678813118167666,-0.0021233277304203335,-0.0021707127772434016,0.008003959056687993,0.001512113107606302,-0.02423134183774948,-0.00733099023588898,-0.008584871641841825,-0.0026413673685569045,0
2023-12-19,0.011788566358220232,0.015002182087869534,0.014483095070996498,0.008003959056687993,0.00151210867071165,-0.029875836056046837,0.020815896560060936,0.010964921777776636,0.00774552265087334,0
2023-12-20,0.016036081182660977,-0.006499325340081181,-0.005213217487555894,0.008003959056687993,0.0015121111055152185,-0.04881623840228115,-0.01957339471112847,-0.014576997682765104,-0.005059605568248718,0
2023-12-21,-0.004562268803945613,-0.015759410748194126,-0.017331925942190164,0.008003959056687993,0.0015121092546764414,-0.05193522817111819,-0.0021081334225115217,-0.024742887743440915,-0.010541613784834529,0
2023-12-22,-0.00619348445435397,0.008557474730267167,0.007048094970584827,0.008003959056687993,0.001512110839285081,-0.035617478332790824,-0.0018859326849446727,-0.0053705397097154415,0.002617194926628538,0
2023-12-27,0.009223482487847434,0.010126874889978637,0.008189788037781918,0.008003959056687993,0.0015121099094657945,0.0017354482149589813,0.012114520860207315,0.002229477399552187,0.004905297957186016,0
2023-12-28,-0.023835988637767036,-0.010420391478521536,-0.013856670886879596,0.008003959056687993,0.0015121105309044741,-0.016111173383799946,-0.005274195727936135,-0.010054356934362798,-0.010140913433201643,0
2023-12-29,-0.017079959514170184,-0.02120484569863431,-0.020116346259607554,0.008003959056687993,0.00151210998246359,-0.011554714270052559,-0.027504002587585463,-0.014341238726822605,-0.01270439903261838,0
2024-01-02,-0.018663920710516146,-0.0016161463150788035,-0.0024476647271686495,0.008003959056687993,0.001512110337893872,-0.021452713282174192,-0.027502823666302533,-0.008543169159134249,-0.0027580587593644883,0
2024-01-03,0.01232948583420801,0.009676674763555373,0.008864078368726736,0.008003959056687993,0.0015121101199749077,0.0030273607544242277,0.011097933988502054,0.008978334440876668,-4.182457607501436e-05,0
2024-01-04,-0.018009847110650457,0.004886343078059357,0.00412749063608464,0.008003959056687993,0.00151211030594477,0.003902789161097581,0.02677598455786581,0.003059570776649634,-0.0006848042947076279,0
2024-01-05,0.0332497690988256,-0.003299525752722168,-0.003262286377382392,0.008003959056687993,0.0015121101737515254,0.028910771182715716,0.00806109621776012,-0.008584871641841825,-0.0006848042947076279,0
2024-01-08,-0.03626612182352196,-0.0028061267192026063,-0.002599026330538274,0.008003959056687993,0.0015121102524741988,-0.021769663490088038,-0.007644493378489186,-0.0020969398377043277,-0.0010456322121094395,0
2024-01-09,0.03312574532926993,0.0018537486928967483,0.00026742366196532086,0.008003959056687993,0.0015121101896245293,0.01634390755056226,-0.01603500533705222,0.006255410897025833,0.0011156330449243407,0
2024-01-10,0.006284468385276298,-0.0006961736360536441,-0.0008315724258357831,0.008003959056687993,0.0015121102378067397,-0.018674202060191606,0.016846728931559474,-0.0020969398377043277,-0.0026413673685569045,0
2024-01-11,0.02230435890899818,0.00866519030423915,0.009417170727950062,0.008003959056687993,0.0015121102087065324,-0.0177867863500171,0.01622724821390035,0.008379895877390773,0.007247990167212294,0
2024-01-12,-0.003989527490337763,0.0055597590447160295,0.00787649854565129,0.008003959056687993,0.001512110230020977,-0.026093629255356666,0.010439393644862911,0.008003966069998106,0.00774552265087334,0
2024-01-15,-0.0016272374514957333,0.012754888147124156,0.01290398689279714,0.008003959056687993,0.0015121102129097294,-0.006956344193665953,0.017624174421744795,0.014864717153339476,0.0097510310047894,0
2024-01-16,0.004889669007021036,0.0073179332733077085,0.008095943863146998,0.008003959056687993,0.001512110223754986,-0.0013515364860752063,-0.0035608525058860125,0.007881930578745786,0.007183785954817513,0
2024-01-17,-0.01584529008109803,0.011795916519712315,0.011613151679664218,0.008003959056687993,0.0015121102163847086,-0.003031001290153476,0.008600236175575019,0.016930238581234405,0.006709997208997946,0
2024-01-18,0.02738336713995948,0.008160712445624704,0.009663143139217638,0.008003959056687993,0.0015121102223564355,0.017073565308804207,-0.004099687873959909,-0.00014693185293416478,0.00398285396336442,0
2024-01-19,-0.004072063178677365,0.005471177372322755,0.005792222335629319,0.008003959056687993,0.001512110218338883,-0.005908310949306589,0.027239373783783646,0.012145332496014814,0.002229477399552187,0
2024-01-22,0.012266138025027962,0.009473126579125888,0.008961809107914833,0.008003959056687993,0.0015121102209381151,-0.015061711926600522,-0.00839985770266128,-0.00014693185293416478,0.0011156330449243407,0
2024-01-23,0.004161566707466369,0.002957238703953503,0.0025928212218401738,0.008003959056687993,0.0015121102188775186,-0.02507130360922056,0.013086053510645864,0.008978334440876668,0.0030488207644807927,0
2024-01-24,0.0013408093612872207,0.007952862898599452,0.00521700621897842,0.008003959056687993,0.0015121102203489274,-0.028768097249264386,-0.0007396065015826866,0.008983770738731614,0.0014354629261519197,0
2024-01-25,0.0021911138161898602,-0.000879292904719906,-0.0004598012005563862,0.008003959056687993,0.0015121102194132886,-0.010944898880780235,0.010651311713605678,0.0023343458396023675,0.0014354629261519197,0
2024-01-26,0.01226770314587644,0.002851104626919514,0.005341760672417244,0.008003959056687993,0.0015121102201222957,-0.02002421276971512,-0.004823601296881975,0.014207458992018977,-0.00013558122703308565,0
2024-01-29,0.007799376049915985,0.008752956863564212,0.010268117135659671,0.008003959056687993,0.0015121102195921757,-0.0028949596781503366,0.025837980146406512,0.020068448951649297,0.003651221624258088,0
2024-01-30,0.0017859268960591645,0.011703150362983396,0.013000178033655415,0.008003959056687993,0.001512110219933103,0.002514861598157449,0.009660401962033733,0.008434731847096118,0.003651221624258088,0
2024-01-31,-0.013786546232469665,0.009580215428474093,0.009304227314988095,0.008003959056687993,0.0015121102196877206,-0.003077015622628404,0.0009901677495318768,0.009477313156141138,0.003651221624258088,0
2024-02-01,-0.009399855386840184,0.003723232373641995,0.0018123781073020595,0.008003959056687993,0.001512110219876008,-0.02253616655995941,-0.02889485360675732,0.003059570776649634,0.002229477399552187,0
2024-02-02,-0.0323600973236009,0.003689063118526286,0.006044107329545422,0.008003959056687993,0.0015121102197512548,-0.008144032657561865,0.009045605049333718,0.0032367641835936026,-0.00032808561790983575,0
2024-02-05,-0.003017349761126553,0.008640463806159973,0.006992408129481151,0.008003959056687993,0.0015121102198370918,0.027113622772804588,0.006444016195322972,0.0045675091299842915,0.002617194926628538,0
2024-02-06,0.014627994955863866,-0.006184384072003478,-0.008254183161381275,0.008003959056687993,0.0015121102197709975,0.016688406676943476,0.0029487485290726105,-0.008543169159134249,-0.0038438388806288477,0
2024-02-07,0.008948545861297674,0.002180318587924689,0.003369644503416605,0.008003959056687993,0.001512110219816508,-0.0034027215195282703,0.008360542677654913,0.011119686129788784,0.002806399215806414,0
2024-02-08,0.022542498152254176,0.004659116873434099,0.004619567517392174,0.008003959056687993,0.0015121102197860736,-0.0029809097331962896,0.010564107962503148,0.009086842746967276,0.00398285396336442,0
2024-02-09,0.006866642573183812,-0.00034739763248274434,0.00042897150133684947,0.008003959056687993,0.0015121102198091293,-0.027380759947057,0.006269561864544354,-0.0005849850720510055,0.0010073128355693732,0
2024-02-12,0.003589375448671994,-0.0010740889484209004,-0.0026185828556541274,0.008003959056687993,0.0015121102197926599,-0.035243972361956366,-0.007230299684982909,0.0011233215876326314,-0.0006791993123223264,0
2024-02-13,0.010014306151645336,0.007015712539663619,0.009592861402602609,0.008003959056687993,0.001512110219803573,-0.02433844940264815,0.006569713032891488,-0.004028721691475827,0.003280428356759693,0
2024-02-14,-0.0036591123701605888,3.599016725838178e-05,0.002996997938390979,0.008003959056687993,0.0015121102197955376,-0.022057829365093075,0.0017985528505374915,-0.001340046147104868,0.0010073128355693732,0
2024-02-15,-0.0009477550053310635,0.009001564776923548,0.010719049728144714,0.008003959056687993,0.0015121102198014404,-0.007487537646743711,0.002631702744880781,-0.001340046147104868,0.0017178363656152969,0
2024-02-16,0.006521996916874162,0.007264682379583919,0.007298497921570741,0.008003959056687993,0.0015121102197974982,-0.0004893237117538534,0.005595402653796252,0.0008579155537303581,0.002353075487007958,0
2024-02-19,0.007540056550424223,0.0049401986290879725,0.005637215387766878,0.008003959056687993,0.00151211021980031,-0.010784815044031365,-0.0046497447165857585,-0.001340046147104868,0.0010073128355693732,0
2024-02-20,-0.008652946679139295,0.005561570184557337,0.005442516854653924,0.008003959056687993,0.0015121102197982142,-0.009206635254679005,0.007174121471434496,0.008331961125108131,0.0008579155537303581,0
2024-02-21,-0.00011795234725175963,0.008173165026779089,0.0077147003808192395,0.008003959056687993,0.0015121102197996415,0.002312024738834239,0.002814434984637732,0.0032367641835936026,0.0008579155537303581,0
2024-02-22,0.012622389996461036,0.006270994389233108,0.0048469007473103225,0.008003959056687993,0.0015121102197986505,0.007663109830658491,0.005290386053692325,0.0032367641835936026,0.0010073128355693732,0
2024-02-23,-0.019338303821062386,0.0008627414637393071,0.00021696598068493485,0.008003959056687993,0.0015121102197993895,-0.00704992652690159,0.0035336118898763257,-0.0018982538635147544,0.00044645979170114053,0
2024-02-26,-0.0020194820622475573,0.008784371082313523,0.009108976654064151,0.008003959056687993,0.0015121102197988739,0.020570643349740663,0.0027985325156296903,0.0032367641835936026,0.00044645979170114053,0
2024-02-27,-0.0024997024163790904,0.008737537100992036,0.005589770432198056,0.008003959056687993,0.001512110219799226,0.011028150934770015,-0.008122617056953342,0.0038738634868238685,0.0008579155537303581,0
2024-02-28,0.003341288782816143,-0.0009153931426863593,-0.0011546151896505556,0.008003959056687993,0.0015121102197989665,0.019798822591482253,0.012046028834171888,0.0032367641835936026,0.0008579155537303581,0
2024-02-29,0.005827783063748759,0.0076714253868403574,0.0072375588841252295,0.008003959056687993,0.0015121102197991519,0.0032797093662687107,-0.005980720090410522,0.005031908538415508,0.0022036457754171994,0
2024-03-01,0.0029561310157266707,-0.003336704923895446,-0.003680701109549255,0.008003959056687993,0.0015121102197990259,0.0003086608958091197,0.01127074000954756,0.0038738634868238685,0.00022650875963826158,0
2024-03-04,0.020749823154916358,0.0003446802788090941,-0.0004948305101553818,0.008003959056687993,0.0015121102197991172,-0.0070770759202867526,-0.003078928789656898,0.0038738634868238685,0.00014719824284367442,0
2024-03-05,-0.008778008778008828,0.001325377310990462,0.002212067429118869,0.008003959056687993,0.001512110219799051,-0.023716244078731203,0.0070230373502533855,0.0008579155537303581,0.00014719824284367442,0
2024-03-06,0.00897226753670477,-0.004690198168894224,-0.005030899875662281,0.008003959056687993,0.0015121102197990963,-0.02286246602778982,-0.023172965669220284,-0.004028721691475827,-0.00012355867911651754,0
2024-03-07,-0.01974823882665444,-0.005868506046110809,-0.0035609502007479935,0.008003959056687993,0.0015121102197990643,-0.025864058048490516,0.0022408903112256617,-0.001340046147104868,0.00044645979170114053,0
2024-03-08,-0.006950989632422133,-0.0061733072411185854,-0.005762355493956708,0.008003959056687993,0.0015121102197990877,-0.006752088614991682,-0.013769784291302196,0.0032367641835936026,0.00014719824284367442,0
2024-03-11,-0.010084233005101528,-0.014903710557060195,-0.015070691210269986,0.008003959056687993,0.0015121102197990714,-0.020929894051683804,-0.0277471298282112,-0.010389063965861397,-0.01190278313069424,0
2024-03-12,0.002636625119846636,-0.017795544379868404,-0.017581586804581197,0.008003959056687993,0.0015121102197990827,-0.02306603616796007,-0.01458597724009459,-0.005926473684255926,-0.01135522047710066,0
2024-03-13,0.0034664116662683764,-0.0006140056882124878,-0.001124035484163806,0.008003959056687993,0.0015121102197990744,-0.010012013183804932,0.010050342505749993,0.0031588933695689938,0.0004989336619298853,0
2024-03-14,0.02632519356759966,-0.0033361179333713186,-0.006733808203039322,0.008003959056687993,0.0015121102197990803,-0.0016486359189999441,0.005883479010770578,-0.005193621832607442,-0.00012355867911651754,0
2024-03-15,-0.008936861652738992,-0.010480137298436405,-0.009373371982185843,0.008003959056687993,0.0015121102197990762,-0.030952717118397036,-0.007267965174752525,-0.0039735928201889885,-0.002006009166984989,0
2024-03-18,0.012647851036421187,0.0058038165578961284,0.0035593759236063876,0.008003959056687993,0.0015121102197990792,0.024047614693899287,0.028409914291871393,0.0032367641835936026,-0.00012355867911651754,0
2024-03-19,0.0102925870244015,0.007289827264253622,0.006082713610237167,0.008003959056687993,0.001512110219799077,0.03663717602402864,0.01656074857811289,0.0038738634868238685,0.0008579155537303581,0
2024-03-20,-0.018200549450549497,0.002209348623913798,0.00028600576210102214,0.008003959056687993,0.0015121102197990786,0.01707757550465245,-0.01048192223720972,0.0024171850084580143,0.0004989336619298853,0
2024-03-21,-0.009910225020403285,0.004251149437775356,0.0012938228637416954,0.008003959056687993,0.0015121102197990775,0.01689439401642325,-0.020438308258491925,0.009857889629632651,0.0010312390879742197,0
2024-03-22,-0.0005887894488930678,5.964076435907239e-05,-0.001144144965159734,0.008003959056687993,0.0015121102197990781,0.015182617580195477,0.003515273971819671,0.0038738634868238685,0.00044645979170114053,0
2024-03-25,0.015435371745021742,-0.0035408465176410674,-0.004328378716368832,0.008003959056687993,0.0015121102197990777,0.017951173326289333,0.011832757495442648,0.0008579155537303581,0.0008579155537303581,0
2024-03-26,-0.0031329774889766737,0.005696383677633792,0.005342542562829488,0.008003959056687993,0.0015121102197990781,-0.008599283557455057,0.01098799072418179,0.0045675091299842915,0.002617194926628538,0
2024-03-27,-0.01129088581073212,0.0055714777834299,0.006796397518980746,0.008003959056687993,0.001512110219799078,-0.011158008599938232,0.0026616049094675956,-0.001340046147104868,0.0017178363656152969,0
2024-03-28,0.014480809983517862,0.009453092220478602,0.008188968187064606,0.008003959056687993,0.0015121102197990781,0.014511592928884792,0.011144588053288794,0.007693676300143528,0.003280428356759693,0
2024-04-02,0.0169432517117325,0.003638728449020923,0.005396524127220218,0.008003959056687993,0.001512110219799078,0.021584630124679177,0.022590654919325888,0.01076811461072469,0.002353075487007958,0
2024-04-03,0.03389250256761378,-0.003678214278770173,-0.002932519897882817,0.008003959056687993,0.001512110219799078,0.01737364606131828,0.011387834953666038,-0.001340046147104868,0.0010073128355693732,0
2024-04-04,-0.003090507726269287,0.0008183764023985795,0.0006470913001132467,0.008003959056687993,0.001512110219799078,-0.024001093133697183,0.006561060672890021,-0.006508334590458557,0.0011596365406829356,0
2024-04-05,0.027568644818423582,-0.0032686017340938867,-0.004645027791162376,0.008003959056687993,0.001512110219799078,-0.017157145516093434,0.004007931330359327,-0.006508334590458557,0.0010073128355693732,0
2024-04-08,-0.011636677082210944,0.004205859206891856,0.006172198551649347,0.008003959056687993,0.001512110219799078,-0.05249330386326745,-0.0022551752398228646,0.009381224075793405,0.0004989336619298853,0
2024-04-09,0.004360623569170219,-0.0011584578488987186,-0.001038784996227653,0.008003959056687993,0.001512110219799078,-0.03463837944387528,-0.009346311673539475,-0.0053705397097154415,0.00022650875963826158,0
2024-04-10,-0.006078367524150696,0.002167824435262398,0.003637115269683005,0.008003959056687993,0.001512110219799078,-0.022330406062228355,0.011202881529478638,0.0032367641835936026,0.00022650875963826158,0
2024-04-11,-0.0008736485748607192,0.0012198233891378841,-0.00028399876835364713,0.008003959056687993,0.001512110219799078,-0.019150829866802388,-0.00847981134694277,-0.001340046147104868,0.0011596365406829356,0
2024-04-12,0.017816154771013393,0.004603356500454378,0.004722177384293218,0.008003959056687993,0.001512110219799078,-0.004541376437875946,0.008240323272374594,0.0038738634868238685,0.002353075487007958,0
2024-04-15,-0.02448453608247425,-0.0028160992025583896,-0.0021622191410992342,0.008003959056687993,0.001512110219799078,-0.039802602075721984,-0.014739662874187067,-0.003590946938489806,-0.00010728273696822038,0
2024-04-16,0.004953764861294507,-0.005211095841589888,-0.005441058029139124,0.008003959056687993,0.001512110219799078,0.002997330011057785,-0.00048752050178149344,0.0038738634868238685,-0.00013558122703308565,0
2024-04-17,-0.019169679044802268,-0.009841119272736417,-0.010147772294340177,0.008003959056687993,0.001512110219799078,-0.022110017264818503,-0.0118445729976059,-0.009211951298685999,-0.002059248185006963,0
2024-04-18,-0.013401831583649826,0.0012718340441792997,0.0029513241521570664,0.008003959056687993,0.001512110219799078,0.00882096284384958,0.0033474898298407117,-0.001340046147104868,0.0011596365406829356,0
2024-04-19,-0.004301562146253213,-0.0008136643711622182,0.0001335716047885316,0.008003959056687993,0.001512110219799078,0.0106020425645361,-0.017446422133309908,0.003059570776649634,-0.00010728273696822038,0
2024-04-22,-0.007503410641200525,-0.0009835011198969013,-0.0004296586608313034,0.008003959056687993,0.001512110219799078,0.013130833667584333,0.00947702888732455,0.0038738634868238685,0.00014719824284367442,0
2024-04-23,0.011340206185567192,0.0003516977487474382,0.002625872173105618,0.008003959056687993,0.001512110219799078,0.004536880410040559,-0.016935927276631003,-0.0018982538635147544,0.00022650875963826158,0
2024-04-24,0.008268207044965337,-0.009026494751150662,-0.007567151115678511,0.008003959056687993,0.001512110219799078,-0.009529632961335657,0.0012241140120751808,-0.009211951298685999,-0.00013558122703308565,0
2024-04-25,-0.010334756234554043,-0.014973817895208637,-0.014160710585220624,0.008003959056687993,0.001512110219799078,-0.03098718533356092,-0.011291200057791873,-0.012267540250131536,-0.004617609870458811,0
2024-04-26,0.020998864926220273,-0.002386615267206579,-0.0057971047568745725,0.008003959056687993,0.001512110219799078,-0.011008367669657335,0.00354634595682445,-0.00716150908015471,-0.002006009166984989,0
2024-04-29,-0.016787103946637072,0.00502251129108407,0.002602296428864477,0.008003959056687993,0.001512110219799078,-0.01684713664694521,0.015931450697070824,0.0045675091299842915,0.00022650875963826158,0
2024-04-30,-0.002374491180461291,-0.00251503875255944,-0.002181387340998196,0.008003959056687993,0.001512110219799078,0.006824963096575206,-0.015038576558901553,-0.0053705397097154415,-0.00013558122703308565,0
2024-05-01,-0.05304318259095553,0.0017068331241875912,0.0012690965865941655,0.008003959056687993,0.001512110219799078,0.00021201164467728704,-0.007860318774133998,-0.001340046147104868,0.00022650875963826158,0
2024-05-02,0.015080789946140039,-0.008697846582251242,-0.011494537830818517,0.008003959056687993,0.001512110219799078,0.030157411387929326,-0.03135918184801373,-0.0053705397097154415,-0.002006009166984989,0
2024-05-03,-0.014267185473411215,-0.00471661684251118,-0.005011176087128774,0.008003959056687993,0.001512110219799078,0.008681705773686951,0.006371511905888025,-0.005193621832607442,-0.004813792427220618,0
2024-05-07,-0.010885167464114831,-0.006030916291402722,-0.007283537179513604,0.008003959056687993,0.001512110219799078,-0.006690935999154725,-0.02746997027739541,-0.014341238726822605,-0.012573311697711172,0
2024-05-08,-0.003023340186237733,0.002459396650659116,0.002496141366635378,0.008003959056687993,0.001512110219799078,0.013440266803625502,0.016821517814940092,0.0031588933695689938,-0.00010728273696822038,0
2024-05-09,0.010067928190198971,0.007329392613511919,0.002840386068157886,0.008003959056687993,0.001512110219799078,0.007892364533411255,0.004552814678121519,-0.003590946938489806,0.00044645979170114053,0
2024-05-10,0.0014410952323766768,-0.005496945464016856,-0.006803401520916288,0.008003959056687993,0.001512110219799078,-0.0024778573318251307,-0.011776125414081889,-0.00716150908015471,-0.002059248185006963,0
2024-05-13,-0.0025182875644560454,-0.0012302536347128024,-0.00242574702998479,0.008003959056687993,0.001512110219799078,-0.011285254963467646,-0.007988322197149893,-0.0018982538635147544,0.00044645979170114053,0
2024-05-14,-0.02620822313056026,0.006893161387094383,0.0018370722932787753,0.008003959056687993,0.001512110219799078,0.0004408918395731531,-0.0009912280346516332,-0.004028721691475827,0.00044645979170114053,0
2024-05-15,-0.012592592592592489,0.0014873427777195513,0.0006610330043621876,0.008003959056687993,0.001512110219799078,0.034590988623705785,-0.0011430589838520569,-0.004028721691475827,0.00022650875963826158,0
2024-05-16,0.020880220055013776,0.003857797787781759,0.0013342265459347787,0.008003959056687993,0.001512110219799078,0.036466243469636034,-0.003227063141222646,0.0045675091299842915,0.0014354629261519197,0
2024-05-17,0.00722596448254742,0.0008351621651533147,0.0003769440917911583,0.008003959056687993,0.001512110219799078,0.055265011175631984,0.054526558702755856,0.009857889629632651,0.00044645979170114053,0
2024-05-20,-0.004012645914396873,0.0043585464845849065,0.002739177611514027,0.008003959056687993,0.001512110219799078,0.03168142359353328,-0.009436976104876055,0.0024171850084580143,0.0010073128355693732,0
2024-05-21,-0.008423879868147965,0.007660672232987001,0.007018765515932689,0.008003959056687993,0.001512110219799078,0.0009522909496236827,-0.01426743938403164,0.0008579155537303581,0.00480665715684438,0
2024-05-22,-0.016252154641713812,-6.177342411830433e-05,-0.0027422530694189416,0.008003959056687993,0.001512110219799078,-0.03235925827799291,-0.0303529008438539,-0.005329233329261947,-0.0006791993123223264,0
2024-05-23,-0.008135168961201589,-0.012064537096924175,-0.012077287381217166,0.008003959056687993,0.001512110219799078,-0.01107398285000152,0.0006517493206836909,-0.006993521029208709,-0.01190278313069424,0
2024-05-24,-0.004164037854889613,-0.01373949312307966,-0.014828263477667056,0.008003959056687993,0.001512110219799078,-0.028189905664816713,-0.01829459024366378,-0.008584871641841825,-0.010541613784834529,0
2024-05-28,0.030663963507349346,0.007087409393908905,0.005543851351157623,0.008003959056687993,0.001512110219799078,-0.013224553998225919,0.019546879125185733,0.003059570776649634,-0.003916413390919652,0
2024-05-29,0.0019670518809933313,0.015432908698724365,0.013594143190560981,0.008003959056687993,0.001512110219799078,-0.019333941861318624,0.024029936034431598,0.011812261755105587,0.006780530676872279,0
2024-05-30,-0.0009815950920245564,0.006975087163950345,0.005201157060819758,0.008003959056687993,0.001512110219799078,-0.013275138175393001,-0.010136590126162946,-0.005329233329261947,0.0011156330449243407,0
